Id,TimeStamp,Year,Date
1,1996-03-13 17:27:28,1907,21/05/2006
2,1994-05-29 02:09:09,1972,17/03/1998
3,2008-08-25 07:59:01,1951,19/07/1992
4,2000-04-09 23:51:29,1974,09/02/2014
5,2004-10-22 15:45:16,1923,20/04/2015
6,2011-06-06 14:06:17,1982,08/09/1993
7,2005-03-18 06:11:56,1929,28/10/1995
8,2011-06-22 16:57:12,2015,11/08/2002
9,2004-05-15 05:31:58,2000,22/04/1994
10,2007-09-28 14:12:44,2003,06/02/2011
11,1999-12-08 11:02:00,1922,24/03/1995
12,1992-01-27 20:19:36,2010,16/02/2002
13,2002-02-01 05:27:44,1906,01/07/2008
14,2007-06-30 08:15:40,1958,02/09/2003
15,2014-04-07 10:35:32,1910,03/11/1994
16,2005-03-12 17:21:59,2009,22/04/2006
17,2002-09-04 00:43:15,1948,23/02/2014
18,1995-10-30 18:43:39,1922,23/09/2015
19,2011-07-03 08:44:56,1946,04/05/1998
20,1993-01-01 02:22:45,1929,12/01/2005
21,1994-03-17 11:54:40,1929,13/10/2005
22,2015-10-07 12:19:36,1982,08/05/1994
23,2016-04-21 10:03:55,2006,18/04/1993
24,2007-06-22 08:26:52,2010,11/09/1991
25,1997-11-05 14:46:53,2014,06/09/2004
26,2012-08-24 10:46:46,1900,10/03/2008
27,2005-08-01 09:12:05,1973,14/11/2014
28,2013-05-19 05:04:16,1921,14/04/1990
29,2000-07-11 17:10:59,1986,14/12/2014
30,1995-06-09 23:58:31,1978,11/01/2006
31,2003-04-21 23:30:49,1901,21/12/1993
32,2006-06-15 20:55:21,2016,11/07/2005
33,2007-06-22 02:55:31,1980,09/03/1992
34,1994-05-30 21:14:33,1986,06/04/2011
35,1995-12-08 09:11:54,2015,05/02/2001
36,2003-08-30 03:00:20,1921,19/01/1991
37,1998-05-06 04:49:26,1956,20/01/1990
38,2009-01-22 13:57:14,2005,18/03/1995
39,2010-02-15 20:32:27,1971,21/07/2006
40,2007-03-05 17:05:52,1918,20/08/2005
41,2003-10-21 11:36:19,1954,07/08/1997
42,2014-12-20 22:25:10,1957,17/11/2001
43,2015-02-05 04:50:28,1925,13/11/2010
44,2009-04-27 04:49:58,1903,17/08/1997
45,2016-01-28 02:09:07,1988,04/08/1990
46,2002-04-27 16:51:43,1923,19/05/2012
47,2003-03-20 08:13:55,1991,04/10/2000
48,2016-01-29 01:40:05,2009,07/03/2004
49,2004-02-13 07:10:05,1956,10/10/1995
50,2006-07-04 02:14:59,2014,06/09/1996
51,2007-02-02 13:42:08,1924,13/12/1997
52,2006-07-12 18:21:07,1902,06/12/2000
53,2001-04-16 02:09:38,2006,01/07/2014
54,1992-10-01 00:38:48,1973,25/08/2003
55,2002-11-13 02:23:57,2015,02/03/1999
56,1993-04-25 23:30:04,1966,09/11/2014
57,1995-10-19 01:57:15,1913,03/06/2015
58,2005-09-07 20:50:30,1984,01/02/2012
59,2003-03-23 07:23:30,1900,08/10/2004
60,2005-05-23 09:51:28,1958,22/10/2013
61,2010-02-18 13:13:32,1951,22/06/1995
62,2007-07-19 06:05:13,1989,07/07/2005
63,2009-01-05 03:48:57,1908,06/03/2010
64,2008-04-18 05:14:54,2011,05/03/1995
65,1993-06-13 20:35:06,1985,18/05/2007
66,1997-11-30 00:45:41,2001,31/07/2005
67,2013-05-19 12:06:49,1994,25/07/2000
68,1998-12-01 22:09:25,1916,27/06/2000
69,2003-09-23 14:08:31,1989,19/04/1997
70,2015-02-20 21:27:50,2008,10/08/2000
71,2000-11-12 11:16:56,1905,11/05/2008
72,1997-08-11 10:23:21,1964,26/03/1994
73,2002-11-25 10:44:32,1970,02/10/2013
74,2014-02-11 17:20:02,1964,26/04/2008
75,2013-09-21 14:00:29,1972,26/07/2006
76,2001-12-08 09:41:45,1944,25/09/2015
77,1999-07-10 04:08:09,1925,01/11/1991
78,2007-10-20 21:51:26,1948,29/01/1991
79,1996-02-28 00:19:40,1910,10/02/1995
80,2009-08-10 03:24:14,1966,15/12/2001
81,1995-09-21 23:31:09,1906,22/10/2001
82,2015-02-13 23:30:28,1927,17/04/1992
83,2003-08-07 14:36:53,1962,29/12/2003
84,2000-05-01 01:44:44,1946,27/04/2002
85,1996-04-24 11:07:29,1998,21/03/2006
86,2007-06-27 10:08:34,1949,12/05/2002
87,2014-07-20 10:42:11,2001,20/01/1999
88,1990-07-17 11:55:23,1952,29/11/1997
89,2000-08-12 05:01:54,1915,06/08/2009
90,2015-04-23 11:06:28,1949,11/12/2001
91,1997-04-02 00:19:07,1960,21/09/2012
92,2002-08-29 01:56:39,1933,14/07/1996
93,1991-04-03 18:27:48,1936,17/10/1998
94,1999-11-24 18:48:13,1906,26/01/1995
95,2001-08-14 15:25:21,1924,12/08/2012
96,1991-10-02 05:20:04,1942,12/02/1992
97,1990-03-02 15:07:07,2010,18/07/2009
98,2010-02-26 01:01:25,1916,05/11/2011
99,2008-03-31 17:36:25,1947,02/11/2008
100,2003-08-17 04:48:05,1922,11/05/2014
101,2014-10-10 19:19:35,1924,13/11/1990
102,1999-10-28 20:43:15,1908,30/08/2010
103,1991-08-04 14:04:59,1941,04/08/1990
104,2011-08-15 12:39:25,1986,24/01/2000
105,2002-06-05 17:37:18,1954,05/02/1999
106,1998-05-11 05:51:08,1911,12/12/2001
107,2005-02-21 20:00:45,1990,09/08/1996
108,2009-05-08 00:29:52,1921,13/07/1999
109,1992-05-14 12:59:00,1978,16/05/2008
110,2014-03-14 04:47:50,1944,11/10/1993
111,2013-01-21 19:26:53,1921,30/12/1995
112,2003-03-12 10:57:31,1966,16/09/2003
113,2016-08-11 02:41:35,1911,30/07/2011
114,2013-02-14 13:43:18,1900,05/03/2002
115,2012-05-04 03:03:20,2008,10/08/2008
116,1996-08-16 07:38:46,2006,09/06/1991
117,2005-09-10 01:37:29,2005,25/03/2003
118,2010-09-10 08:57:24,1926,13/09/1992
119,2000-10-17 14:55:00,1967,13/07/2011
120,2013-04-22 08:58:20,1966,24/03/2015
121,2006-04-25 03:53:54,2006,04/07/1999
122,1996-09-08 01:25:03,2003,10/12/2012
123,1996-01-05 17:14:29,1987,09/12/2014
124,1991-03-31 06:34:22,1935,20/09/1998
125,2004-05-13 22:19:54,1927,01/05/1998
126,1999-04-17 17:59:50,1962,14/05/2006
127,2016-03-23 16:07:18,1950,10/04/1993
128,2012-09-03 04:22:43,2000,27/03/1996
129,2008-05-21 14:57:19,1983,24/08/2009
130,1994-06-13 14:05:15,1920,12/02/1991
131,2014-05-21 16:03:17,2013,11/10/2011
132,2009-10-04 18:34:02,1906,17/10/2015
133,1993-12-19 03:51:54,1975,02/02/2004
134,1998-02-25 19:33:56,1933,20/04/1992
135,2004-04-24 03:46:50,1941,19/10/2008
136,1996-01-28 18:08:50,1933,28/11/2006
137,2009-03-21 02:33:06,1986,15/04/2015
138,2003-08-11 06:26:42,1955,11/04/2003
139,2000-06-19 01:33:54,1906,17/11/2014
140,1997-05-04 16:22:06,1963,05/02/2008
141,1991-02-07 06:59:01,1907,25/10/2014
142,1997-04-28 09:00:32,2013,29/08/2014
143,1997-09-20 05:29:55,2008,10/06/2006
144,2012-03-05 19:00:00,2000,29/11/1998
145,1995-02-27 05:56:28,1914,07/04/1995
146,2003-09-17 14:10:10,1906,01/09/1993
147,2011-06-11 16:12:45,1932,10/05/1995
148,2008-01-24 05:38:53,1998,25/08/2008
149,1998-12-02 00:11:46,1987,10/04/1997
150,2007-01-25 14:12:02,1970,18/01/1992
151,2008-12-29 09:44:05,1933,17/06/1998
152,2004-12-22 22:56:16,1983,03/07/2004
153,1997-02-26 19:33:54,1991,23/07/2014
154,2001-07-12 10:33:29,2006,02/01/1995
155,1996-06-05 06:20:10,2016,21/06/2014
156,2002-12-15 04:01:07,1907,09/12/1999
157,2005-08-03 11:41:52,1979,26/06/2013
158,2013-10-12 11:05:41,1931,01/06/2006
159,2008-07-27 19:43:12,1963,08/12/1994
160,2012-12-03 21:04:06,1922,26/08/2004
161,1994-12-28 17:50:54,1912,18/11/1990
162,1998-02-10 04:00:56,1951,26/02/2007
163,2006-03-09 14:48:18,1924,05/09/1993
164,1993-08-23 12:22:03,2009,26/07/1991
165,1996-02-25 03:34:34,1939,10/08/1995
166,2016-04-10 19:15:24,1936,22/12/2007
167,2012-12-24 18:48:44,1928,30/07/2005
168,2005-05-02 23:42:41,2010,10/01/2000
169,1990-09-10 23:38:07,1904,03/10/1992
170,1995-11-16 06:02:43,1985,08/02/1993
171,2006-06-06 17:40:56,1960,26/02/1996
172,2012-06-29 21:29:03,1928,24/08/1997
173,2007-06-27 14:17:47,1942,07/01/1998
174,2003-04-19 15:23:21,1977,06/04/1990
175,2008-04-17 12:03:02,1928,17/08/1991
176,1990-10-26 04:38:22,1920,30/04/2011
177,2008-07-19 05:36:46,1936,19/07/1998
178,1998-05-31 11:03:09,1970,27/06/2007
179,2014-10-04 05:52:50,1930,29/11/2013
180,2002-04-30 01:34:59,1917,05/08/1995
181,2005-09-13 08:28:30,2012,20/01/2011
182,1999-10-27 11:07:25,1969,18/03/2016
183,2002-09-20 03:20:02,1911,24/01/1993
184,2013-12-16 09:03:53,1940,03/04/1994
185,2010-04-13 02:25:45,1951,07/03/1994
186,2009-09-27 02:07:49,1990,25/03/2009
187,1991-02-08 19:25:22,1944,07/11/1999
188,1992-09-11 08:59:24,1960,27/02/2006
189,2000-04-15 15:07:14,1996,14/05/2007
190,1997-04-22 13:11:07,1971,22/10/2007
191,1992-06-21 09:34:46,1944,12/04/1998
192,2005-09-08 20:37:29,1903,11/10/2012
193,1996-10-24 19:10:55,1960,06/05/2014
194,1996-04-18 09:24:07,1923,09/07/2016
195,2010-02-13 05:25:40,1933,11/12/2015
196,2013-05-06 17:54:52,1976,19/06/2010
197,2008-01-23 20:09:38,2016,24/06/1998
198,2001-12-31 21:35:25,1988,05/02/1997
199,1996-12-06 00:22:25,2013,26/06/2004
200,1997-06-17 16:02:26,1904,11/07/1990
201,1999-06-19 03:35:00,1905,16/05/1997
202,1999-06-04 17:44:13,1980,24/05/2012
203,2009-02-03 09:23:49,2009,16/10/2011
204,2012-08-10 14:29:31,1915,14/08/1991
205,2013-11-27 09:55:09,2009,25/08/2000
206,2014-01-06 04:23:30,1985,07/12/1991
207,2004-05-08 09:55:10,1997,28/01/1997
208,2005-10-20 09:00:23,1915,12/10/2005
209,1998-02-11 11:03:04,1932,11/10/2004
210,2011-04-12 17:49:54,1966,30/07/2006
211,1997-08-07 12:16:45,1993,28/09/2014
212,2012-09-11 01:46:32,1963,21/02/1991
213,1993-11-27 19:34:29,1999,11/04/1996
214,2016-05-14 05:53:23,1907,09/01/2003
215,1997-06-12 15:17:59,2004,16/03/1994
216,2004-06-15 04:53:59,1979,13/12/1993
217,2002-01-11 19:45:59,1985,24/02/2000
218,2001-01-03 00:48:41,1992,28/06/2000
219,2008-04-02 07:04:38,2009,11/11/1997
220,2008-03-27 01:22:52,1981,30/11/1997
221,2012-05-26 08:16:35,1922,18/05/2016
222,1990-10-05 16:15:05,2000,24/07/1995
223,1994-05-10 18:13:18,1904,23/05/2001
224,1996-08-03 12:05:28,1979,13/07/2000
225,1995-04-06 00:46:36,1968,28/04/1995
226,2014-05-15 03:33:04,1975,14/12/2008
227,1992-03-31 22:28:16,2008,30/05/1991
228,1997-04-18 18:05:05,1980,16/06/1997
229,1999-08-29 10:10:05,1961,04/10/2005
230,2009-07-08 22:00:18,1920,18/10/2010
231,2006-10-31 17:16:39,1993,06/02/2016
232,1994-02-08 19:54:09,1972,31/05/2000
233,2014-10-18 18:41:52,1973,21/12/1994
234,1990-08-03 05:09:06,1958,09/07/2000
235,1998-01-31 21:48:47,1998,10/07/2016
236,2011-01-05 19:54:09,1985,24/06/1992
237,1993-03-31 00:46:26,1946,15/05/1991
238,1996-04-30 03:29:12,1998,21/04/1990
239,1994-08-06 20:14:27,1920,17/06/1996
240,2009-09-28 14:36:31,1950,24/09/2000
241,2015-03-03 05:11:41,1957,29/01/1999
242,2000-09-27 20:36:43,1938,23/08/2007
243,1996-05-12 15:03:07,1926,01/07/2013
244,1994-10-01 19:23:12,1917,17/01/2012
245,2012-10-09 05:23:48,1967,01/07/2009
246,1990-06-02 09:15:21,1994,21/12/2010
247,1995-01-03 17:55:47,1955,26/10/1994
248,2011-08-08 15:55:31,1997,29/04/2006
249,2001-07-15 04:51:19,1971,24/04/2008
250,1991-05-18 12:49:58,1965,20/01/2008
251,2006-04-04 17:45:22,1923,07/11/2002
252,2006-06-26 08:25:34,1954,19/10/2004
253,1995-08-23 16:24:22,1967,09/07/2001
254,2008-09-02 15:17:27,1979,29/01/1999
255,2007-04-20 18:40:38,1939,27/01/2010
256,2012-09-12 05:44:20,1920,26/05/1998
257,2005-01-24 20:54:58,1998,15/08/2007
258,2005-10-31 05:56:30,1946,04/02/1991
259,1992-07-09 06:34:26,1952,18/12/1994
260,1999-05-07 09:08:28,1917,11/02/2011
261,1998-12-05 17:17:50,1968,09/01/1990
262,1997-11-11 09:45:16,1964,02/09/2000
263,2015-02-20 04:57:50,1959,01/04/2005
264,2005-03-12 09:10:47,1962,18/08/2008
265,1999-04-05 13:01:45,1953,30/09/2001
266,2002-07-15 09:17:52,1955,18/09/2011
267,2009-05-08 05:49:15,1980,17/09/2007
268,1998-09-20 05:21:38,1983,26/07/2012
269,2014-10-14 06:36:12,1967,04/05/1991
270,1995-11-09 23:49:20,2014,30/12/2009
271,2000-06-10 17:33:00,1955,20/06/1992
272,2008-12-30 14:31:01,1905,05/07/1996
273,1997-10-20 13:49:43,1922,29/06/2008
274,2001-03-23 13:15:35,1914,01/01/1995
275,1999-03-02 13:46:01,1950,11/04/2016
276,1993-04-09 21:04:16,1963,25/07/1994
277,2016-08-19 22:29:30,1937,23/09/1999
278,2006-05-23 16:51:41,1972,29/10/2012
279,2004-01-18 07:27:27,1930,31/07/2007
280,1999-04-09 01:02:05,1977,11/11/2010
281,1999-09-27 21:35:39,1909,06/08/2001
282,2003-10-13 07:04:09,1954,23/11/2012
283,2002-01-31 14:31:55,1923,20/08/1999
284,2011-05-13 01:29:07,1976,26/09/2012
285,2005-04-05 13:27:04,1909,17/11/2003
286,1998-02-20 15:57:37,1997,15/10/1991
287,2003-04-01 04:15:49,1983,16/06/2011
288,2011-07-16 12:41:06,1959,31/07/1994
289,1994-07-01 02:11:26,1964,04/08/2005
290,1991-04-19 11:36:49,1918,21/07/1993
291,1991-10-08 19:04:17,2014,27/08/1992
292,2016-03-11 03:52:55,2014,01/02/2006
293,2004-11-10 08:33:49,1920,22/11/1998
294,2013-02-08 07:51:28,1902,03/08/1998
295,2008-05-08 07:52:32,1966,29/09/2004
296,2003-01-25 01:47:25,1988,19/08/1997
297,1995-02-07 15:03:40,1949,27/12/1999
298,2010-08-07 15:06:20,1980,01/10/2002
299,2011-05-01 09:51:24,1916,21/08/1993
300,1997-07-07 21:29:13,1982,02/11/2008
301,2014-11-24 12:57:18,1975,09/07/1990
302,2009-10-13 03:54:01,1932,07/10/1992
303,1990-04-09 14:00:53,1983,03/02/2001
304,2009-07-03 13:13:13,1951,16/10/1992
305,1996-03-20 06:25:41,2000,24/09/1997
306,2002-02-13 03:30:24,1980,30/03/2013
307,2001-10-17 10:32:57,1933,27/09/2006
308,2014-05-16 23:48:37,1913,12/10/1996
309,1993-09-30 18:48:26,2010,14/01/1992
310,2005-01-05 19:00:09,2003,03/09/1998
311,2011-04-05 19:51:34,1993,15/01/1990
312,1994-02-09 22:49:22,1982,16/06/1999
313,1991-10-27 15:29:12,1938,07/08/1992
314,1993-01-29 07:03:59,1941,02/08/2010
315,2013-08-06 03:07:14,1931,11/02/2006
316,2011-04-07 15:19:35,1931,06/03/2015
317,1992-03-10 06:35:40,2001,27/10/2007
318,2009-03-18 02:28:40,2003,18/06/2016
319,2013-11-24 01:59:06,1930,16/01/1992
320,1993-05-16 13:02:55,1962,01/10/1998
321,2006-09-27 01:25:42,1955,17/09/2006
322,2010-05-26 03:16:08,1973,25/04/2011
323,1991-07-11 23:25:14,1906,21/06/1995
324,1998-09-03 20:30:49,1996,14/12/1996
325,1996-08-15 15:23:57,1976,15/12/2001
326,2009-04-26 12:59:31,1942,23/10/2000
327,1992-11-02 13:54:16,1911,02/10/1994
328,2014-01-11 18:43:00,1984,10/05/1995
329,2005-12-12 07:35:40,1931,09/10/1990
330,1992-04-02 12:04:24,1922,24/07/2015
331,2009-09-13 08:17:40,1995,26/06/2013
332,2014-08-10 10:31:44,1901,01/10/2014
333,1991-05-15 09:44:20,1963,28/10/1999
334,1998-06-20 06:54:46,1946,02/08/1995
335,2012-03-01 22:49:21,1985,14/11/2008
336,2002-12-08 00:20:27,2002,22/08/2003
337,1996-08-11 07:54:39,1945,10/03/1998
338,1999-03-25 19:11:07,1955,12/05/2013
339,1995-05-25 04:47:56,1923,18/09/1995
340,1992-06-15 22:06:08,1975,09/05/2004
341,2002-08-27 04:48:01,1955,14/11/1999
342,2011-05-05 18:35:14,1952,22/03/2003
343,2011-12-31 16:07:17,1935,23/12/2009
344,2000-06-26 17:38:23,1945,24/02/2008
345,2009-03-01 14:10:48,1907,22/04/1995
346,1992-10-13 03:40:17,1983,23/12/2010
347,2005-12-28 01:51:26,2004,07/05/2001
348,2014-06-18 07:19:02,2012,05/10/2011
349,1994-01-24 23:09:58,1962,02/07/2012
350,1995-10-23 11:17:43,1998,21/11/2007
351,2006-03-16 12:09:33,1992,21/07/2015
352,1995-08-01 18:59:13,2000,12/08/1992
353,1991-03-07 20:24:20,1929,18/02/1992
354,2002-04-27 22:26:33,1942,24/05/1991
355,1997-04-26 14:32:25,1986,25/05/2000
356,2007-10-19 05:31:34,1972,21/04/2009
357,2016-06-27 12:43:12,1955,31/08/1992
358,2005-05-17 21:44:29,1949,24/07/1997
359,2014-06-27 22:27:32,1982,25/03/2002
360,2004-10-06 00:04:39,1918,27/04/2015
361,1992-10-25 12:23:56,2015,07/01/2009
362,2005-02-02 18:00:44,2016,18/06/2004
363,1994-08-17 07:19:33,1919,22/01/1990
364,1997-08-03 12:48:11,1962,12/10/1994
365,2010-03-30 04:19:07,1938,17/12/1998
366,2006-02-01 22:07:27,1992,05/08/1991
367,2013-07-05 16:42:10,1916,03/05/2016
368,2001-04-14 23:15:21,2003,22/10/2012
369,1991-08-30 09:13:30,1975,01/04/1991
370,1991-09-11 04:32:09,1950,24/04/2001
371,2012-02-02 05:26:42,1926,18/03/2013
372,2003-02-10 08:40:04,1948,10/10/1990
373,1996-05-27 13:34:51,1953,08/04/2015
374,1993-03-29 11:55:36,2001,08/12/1999
375,2011-09-21 19:52:31,2012,29/02/2000
376,2001-07-09 06:43:53,2008,10/04/2012
377,2009-12-19 23:27:27,1992,05/02/1992
378,2012-08-30 17:20:04,1919,23/01/2010
379,1990-03-05 23:29:57,1998,21/02/1993
380,1997-01-07 02:33:05,1980,24/02/1991
381,2011-01-31 04:20:08,1965,22/05/2009
382,1996-09-11 00:59:58,2014,12/03/2011
383,2014-03-11 03:29:02,1982,07/09/2002
384,2001-04-07 16:48:14,1956,24/01/1998
385,1992-01-10 21:14:34,1926,10/04/2015
386,2004-02-01 01:10:15,1969,20/04/2015
387,2012-07-04 18:10:03,1903,18/08/2007
388,2010-02-06 10:49:40,1975,16/06/2006
389,1991-02-21 05:21:40,1929,14/09/2012
390,2015-07-24 12:04:39,1903,16/03/1992
391,2007-09-02 00:42:50,1924,26/06/2007
392,2003-02-18 09:56:05,1972,12/11/2013
393,2005-07-28 09:21:04,1917,30/01/1996
394,1998-07-16 11:19:11,1958,29/10/1993
395,2010-06-05 02:11:15,2014,06/01/1991
396,2014-01-22 00:47:07,1993,12/09/2002
397,1994-10-19 08:44:02,1950,27/03/2009
398,1992-12-20 07:10:31,2011,21/09/1990
399,2013-12-06 01:18:33,1945,30/03/2014
400,2012-07-05 01:34:08,1999,22/09/2012
401,2011-12-17 14:23:24,1940,10/06/2016
402,2012-05-31 16:49:18,1921,21/07/1995
403,2009-06-07 01:56:24,1909,18/04/2016
404,1994-10-04 19:41:13,1983,26/07/1998
405,1995-02-15 00:38:49,2000,12/01/2014
406,2004-09-27 11:18:46,1911,04/02/1992
407,1992-04-03 15:14:38,1949,21/02/2008
408,2004-12-04 19:14:57,2010,06/04/2002
409,2000-10-13 19:45:36,1940,04/01/2008
410,2014-08-16 20:51:29,1973,09/12/1991
411,2004-04-03 00:07:00,1939,07/07/1999
412,2007-09-06 00:14:55,1956,06/05/1999
413,2007-05-11 15:47:01,2008,05/08/1994
414,1991-07-16 13:59:54,1933,06/03/2005
415,1995-07-08 20:53:09,1929,08/07/2009
416,1993-07-08 18:04:02,1979,11/03/1990
417,1996-02-11 12:25:26,1936,21/08/1998
418,2014-05-08 21:47:26,1904,18/10/1990
419,2009-01-12 09:12:16,1967,12/02/2003
420,2013-04-07 15:19:51,1945,06/01/2009
421,2014-07-05 10:17:25,1953,28/09/2009
422,1995-10-07 21:29:18,1975,20/11/2003
423,2011-02-02 01:40:24,1954,18/03/1991
424,2011-04-03 06:04:30,1902,27/08/2012
425,1996-12-26 01:19:13,1902,18/01/2004
426,2003-10-31 20:04:08,1964,17/06/1990
427,1998-02-14 23:37:48,1901,11/10/1990
428,1994-03-03 00:41:03,1900,08/04/2008
429,2003-06-10 16:38:50,2004,21/09/2011
430,1994-04-22 20:51:56,1905,10/08/2013
431,1994-08-07 03:29:51,1924,10/06/1998
432,1993-09-22 23:14:12,1931,14/02/2009
433,2011-01-02 11:45:02,1966,26/09/2002
434,1999-02-24 01:34:11,1995,24/12/1995
435,1996-06-01 08:48:01,1927,31/10/1998
436,2001-10-10 07:46:05,1918,06/12/2014
437,2012-10-09 02:24:31,1989,24/02/2009
438,1993-02-15 00:56:57,1959,03/05/2015
439,1993-01-08 22:39:43,1930,03/11/1990
440,2002-10-17 20:55:27,1987,26/07/2006
441,2001-06-12 17:15:35,1940,30/05/2005
442,2001-06-04 11:03:25,1944,06/04/1996
443,2001-08-05 07:09:19,1987,03/11/2004
444,2010-01-12 01:59:37,1967,01/12/2005
445,2006-03-04 21:15:31,1929,21/02/2006
446,1995-10-03 06:34:17,2003,22/02/2015
447,1998-05-25 19:51:45,1977,14/01/2004
448,1994-03-07 11:08:42,1902,05/01/1990
449,2004-03-17 18:39:51,1982,24/05/2014
450,2008-10-23 23:16:24,1995,30/12/2010
451,2008-05-17 16:48:17,2001,24/07/2013
452,1993-03-15 18:09:49,1909,09/07/1990
453,2002-11-19 12:05:33,1944,31/12/2013
454,1999-08-18 00:21:58,1930,25/04/1992
455,1993-12-21 04:13:15,1932,22/05/2014
456,1991-11-20 15:39:15,1931,05/02/2016
457,2004-11-12 22:39:20,1979,06/08/2004
458,2009-11-07 03:49:55,1963,26/02/1994
459,1995-05-14 05:10:44,1945,15/02/1996
460,2001-09-03 02:32:47,1971,14/12/2010
461,1994-09-21 09:38:50,1984,22/07/1998
462,2011-08-22 06:18:44,1969,22/07/1992
463,1992-01-22 07:45:52,2003,22/02/2001
464,1998-09-18 05:02:59,1917,30/01/2016
465,2001-11-13 08:00:54,1901,22/12/2003
466,1994-12-08 21:40:40,1958,28/12/2010
467,2002-06-12 11:08:26,1921,06/11/2002
468,1992-05-30 02:29:48,1909,09/11/1993
469,2011-03-22 20:54:08,2008,03/08/2016
470,2008-06-19 22:32:01,1901,30/09/2012
471,2016-01-08 03:27:50,2013,12/05/1996
472,2007-09-14 04:10:44,1955,10/07/2007
473,2010-03-24 20:28:13,1999,16/10/2009
474,2003-04-29 06:38:04,1942,01/02/2014
475,2010-02-24 15:28:08,1959,06/09/2013
476,2003-04-28 06:45:20,2001,06/07/1991
477,1995-08-17 19:57:20,1912,20/04/2003
478,2000-10-18 03:45:03,1965,03/06/2008
479,1997-06-12 01:12:57,1989,20/10/1994
480,2002-10-06 21:20:26,1913,22/01/2008
481,2000-07-25 09:56:13,1917,05/02/2008
482,2012-05-10 21:48:13,1954,29/10/2008
483,2012-12-03 10:33:38,1931,12/05/1992
484,1991-06-08 17:23:56,1989,18/01/1993
485,2012-03-05 23:07:45,1905,17/06/2007
486,2013-11-12 05:00:14,1950,11/05/2005
487,1997-09-23 01:26:05,1944,24/04/1998
488,1990-04-18 19:15:49,2001,17/10/1999
489,2002-05-30 05:43:22,1902,07/01/2003
490,2014-06-08 09:22:13,1929,29/04/2001
491,2016-01-12 17:22:22,1964,10/09/1997
492,2014-03-11 13:03:03,1985,09/09/1997
493,2004-12-14 00:56:24,1938,12/01/1993
494,2003-05-23 03:39:58,2001,17/06/2012
495,2001-07-09 12:06:53,1988,24/01/2015
496,2007-11-24 14:29:14,1997,02/06/1994
497,1992-11-07 03:47:21,1963,25/08/2001
498,2012-08-10 01:58:35,1986,31/03/2012
499,1993-10-06 03:10:06,1988,11/01/2000
500,2007-03-26 09:42:52,2016,02/03/1990
501,2013-02-16 01:43:47,1968,27/06/2014
502,2013-02-16 12:02:21,1949,19/04/1992
503,2011-02-27 14:41:28,1924,15/02/1995
504,2011-07-04 07:04:37,1992,16/09/1992
505,2004-05-03 07:05:37,1961,27/02/1998
506,1991-12-12 01:49:20,1997,11/10/2003
507,1997-01-17 07:38:20,1919,30/05/2002
508,2003-06-22 20:56:39,1932,19/03/1994
509,2007-01-24 05:14:27,1928,07/08/2009
510,1991-08-28 00:32:02,1970,09/01/2010
511,1990-06-04 10:39:37,1985,03/11/1992
512,1990-05-02 10:41:16,1949,12/06/2016
513,1997-09-28 21:35:58,2008,04/09/2013
514,2005-02-28 09:06:10,1905,20/02/2012
515,2008-07-15 23:13:16,1976,14/08/1991
516,1995-03-31 20:31:05,2013,28/12/2009
517,2016-08-17 23:32:52,1939,26/10/2012
518,1992-02-11 16:11:05,1955,15/11/1993
519,2010-10-02 02:04:48,1937,02/03/1999
520,2005-03-22 17:05:18,2012,22/08/1995
521,2015-07-01 10:20:03,1914,22/06/1993
522,2003-05-13 16:34:15,1954,07/07/2004
523,1994-10-26 10:29:32,1956,20/02/1999
524,2006-11-11 07:34:12,2007,27/10/2011
525,2004-09-11 14:30:07,1982,03/03/2009
526,1997-10-24 18:40:41,1994,08/05/2002
527,2009-08-28 10:20:44,2002,20/01/1997
528,2007-11-06 09:28:21,1934,08/04/2000
529,1995-04-20 15:24:20,2001,16/03/1993
530,2002-07-04 22:44:46,1950,31/07/1995
531,1996-07-06 09:11:36,2001,20/10/2001
532,1990-11-12 15:51:04,1919,11/02/2000
533,2003-02-07 04:19:08,2008,04/12/1995
534,2009-06-06 02:35:59,1994,10/12/2014
535,1990-01-27 11:03:52,1930,03/01/1990
536,2002-03-21 04:42:32,1975,05/02/2015
537,2015-07-30 14:47:16,1934,10/10/2003
538,1992-11-04 03:14:07,1949,18/10/1998
539,1991-11-16 06:19:59,1917,09/01/1990
540,2010-06-19 16:25:48,1964,15/04/2004
541,1990-11-02 14:58:16,1905,02/11/2013
542,2004-08-22 02:06:25,1912,23/11/2001
543,1992-12-26 15:15:48,1918,19/07/1999
544,1992-04-11 07:45:28,1953,10/02/2001
545,1993-11-02 22:01:49,1955,22/08/2016
546,1997-09-04 05:43:37,2010,28/10/1993
547,2002-03-24 04:35:03,2013,25/08/2007
548,1998-07-19 01:49:38,2007,24/10/2015
549,2002-10-16 10:21:30,2016,04/06/2013
550,2003-06-11 10:13:53,1929,07/04/2008
551,2010-08-02 10:17:37,1945,21/01/1996
552,1991-02-16 07:11:22,1941,25/05/2001
553,2001-12-01 19:31:45,1920,14/11/2003
554,2012-10-16 17:45:07,1932,30/05/2006
555,2014-12-25 22:54:11,1938,23/12/1993
556,1990-10-31 16:47:28,1962,10/03/1992
557,2005-11-26 22:56:45,1949,13/03/2013
558,1995-05-02 03:28:12,1976,30/10/2000
559,2000-07-01 15:15:50,1936,27/07/2001
560,2006-11-20 02:49:40,2014,11/04/1993
561,2011-01-10 12:29:56,1981,03/08/1994
562,1994-02-08 02:23:09,1986,11/09/2001
563,1991-04-14 16:53:22,1911,08/02/2015
564,1998-08-23 08:35:05,1951,30/06/2006
565,2009-12-27 23:22:32,1940,11/04/2000
566,1995-02-23 02:53:55,1904,24/02/2010
567,1991-12-05 02:34:31,1915,28/01/2005
568,2010-05-02 08:08:11,1985,15/07/2006
569,2012-08-14 20:12:44,1969,04/08/1998
570,1999-01-22 20:47:23,1971,20/01/2003
571,2008-02-27 02:26:44,2000,16/04/2000
572,2007-08-11 04:28:27,2010,29/06/1990
573,1994-06-07 18:54:29,1917,11/09/1996
574,2009-08-23 07:47:56,1971,05/05/2000
575,2005-04-14 13:31:46,1937,29/08/2005
576,1996-03-14 19:30:59,1986,25/07/2013
577,2016-02-04 13:37:16,2000,26/07/2003
578,2012-09-23 07:41:38,1990,28/12/1996
579,1998-09-02 11:47:57,1916,07/10/2003
580,2010-12-10 00:53:17,1907,19/08/2016
581,2011-02-26 13:25:24,1957,12/10/2007
582,2007-07-23 14:51:16,1906,07/12/2000
583,1995-01-25 05:56:01,1986,20/07/1997
584,2007-10-29 22:13:22,1997,12/04/2011
585,1990-07-04 16:24:26,1922,28/10/2010
586,2005-06-19 13:17:28,2015,12/11/2012
587,2006-05-06 22:53:13,1916,09/11/1993
588,1997-05-27 16:35:33,1963,21/06/2016
589,2002-03-10 16:22:23,2004,16/08/1990
590,1995-06-19 23:08:15,1938,15/06/2016
591,2015-09-08 14:04:13,1904,27/12/2004
592,2012-09-11 10:58:12,1961,02/02/1994
593,2010-02-24 09:21:33,1940,17/09/1991
594,1995-09-10 15:46:03,1986,26/02/2004
595,1995-02-17 06:28:13,1964,20/10/2003
596,1990-09-10 15:06:21,1941,22/06/1993
597,2007-10-19 18:41:56,1980,20/03/1998
598,1990-10-16 18:58:13,2009,25/02/1996
599,2016-06-18 06:22:30,1911,12/08/1995
600,1994-07-11 15:04:24,1999,31/12/1992
601,2013-03-13 07:51:43,1905,22/08/1998
602,1995-12-12 19:50:43,1914,18/04/2014
603,2002-06-19 02:55:18,1952,23/07/1994
604,2003-07-04 17:37:23,1912,03/09/2010
605,2009-09-20 06:32:30,1980,29/08/1995
606,2010-05-20 03:40:48,1964,16/01/2004
607,2011-07-30 20:22:46,1947,05/02/1991
608,2013-01-16 05:35:40,1930,21/07/1995
609,2010-09-25 03:28:36,1957,15/11/1997
610,2007-04-27 20:48:21,1905,20/07/2014
611,1995-06-09 00:07:58,2010,17/11/2004
612,1995-07-08 00:42:52,1927,20/08/2006
613,2010-11-23 09:26:58,1996,08/01/2010
614,2008-04-12 22:44:43,1995,20/08/2013
615,1991-04-07 21:09:13,1930,24/05/2001
616,2015-12-08 13:09:36,1903,12/11/1990
617,2005-04-20 19:21:03,2001,30/11/2005
618,2011-08-25 02:23:15,1972,19/01/1993
619,2002-09-27 18:54:16,1933,16/06/2010
620,2004-04-04 19:36:46,2010,12/06/2016
621,1992-09-14 20:25:11,2000,30/03/2004
622,2015-01-24 09:43:04,1933,21/07/1992
623,2003-06-13 12:18:03,1904,14/10/1996
624,1991-09-13 20:54:01,1967,29/04/2012
625,1994-01-12 15:54:04,1950,17/05/2008
626,2007-09-14 02:28:26,1969,15/09/2005
627,2010-01-16 14:56:40,1911,29/10/1991
628,1998-08-20 18:48:37,1949,06/10/1998
629,2001-04-07 14:20:21,1968,23/06/2002
630,2015-10-15 18:27:26,1952,17/08/1993
631,2008-08-20 19:42:03,1933,23/01/2015
632,2009-10-27 05:45:34,1971,06/03/2013
633,1999-02-26 20:27:50,1997,22/03/2013
634,2002-02-25 17:27:40,1975,09/12/2003
635,1991-09-25 05:36:27,1917,28/01/2012
636,2000-03-19 07:13:43,1927,24/05/2007
637,1994-08-19 13:13:53,1942,07/07/2010
638,2002-10-12 08:25:50,1982,24/01/2016
639,2011-10-18 06:31:14,1989,21/08/1994
640,2015-04-13 11:45:35,1936,17/04/1998
641,2008-12-05 20:32:29,1911,13/10/2014
642,1994-11-28 19:18:42,1983,13/12/1992
643,1997-09-19 19:04:06,2000,10/02/1991
644,2005-07-26 03:35:21,1966,26/09/1991
645,2001-05-24 06:39:32,1982,16/08/1992
646,1994-09-13 11:29:46,2015,06/12/2002
647,2004-09-06 21:58:17,1923,23/07/1993
648,2001-03-18 15:04:37,2013,16/02/2006
649,1998-11-15 07:55:45,2009,03/07/2006
650,2012-01-18 21:05:16,2012,19/06/1996
651,2010-05-11 08:07:50,1911,31/05/2009
652,2007-02-17 14:35:26,1924,12/01/2011
653,2015-10-29 05:17:26,1916,17/08/1996
654,2005-04-18 03:51:52,1929,31/12/1995
655,1997-04-20 07:59:32,1987,15/03/2000
656,2012-11-15 13:33:42,2000,12/08/2011
657,2008-04-16 17:22:35,1975,10/07/2012
658,1994-04-07 11:41:14,1935,05/05/2000
659,1996-11-07 22:25:18,1936,21/06/2011
660,1990-03-01 00:25:50,1954,14/12/2002
661,2016-02-09 02:31:40,1941,17/03/2008
662,2002-05-16 09:14:26,1930,04/07/2005
663,1996-07-03 02:16:29,1939,21/02/2012
664,1997-12-10 13:36:52,2001,08/04/2006
665,1999-02-13 12:11:51,2007,10/08/1992
666,1998-06-08 15:44:31,1909,29/08/1999
667,2012-04-29 01:21:55,1900,21/07/1997
668,1994-10-26 15:35:37,1912,12/05/1994
669,1993-02-24 20:28:31,1990,28/05/2013
670,1993-07-24 20:07:53,1940,25/06/2010
671,2006-09-15 14:37:16,1921,15/06/2007
672,2014-04-06 17:20:33,1978,16/10/2010
673,2008-06-07 23:30:06,1981,21/12/2002
674,1997-08-28 00:21:14,1944,24/12/1998
675,2004-05-14 20:24:50,1928,20/01/2002
676,2009-02-07 22:22:36,2012,14/01/1991
677,1995-02-23 16:29:19,2001,18/02/2005
678,2001-04-08 21:02:04,1920,21/03/2002
679,2013-01-14 04:55:29,1920,10/01/2008
680,1996-03-09 01:02:59,1907,16/03/1993
681,1994-09-20 11:32:54,1983,03/02/1991
682,1998-11-23 08:57:00,1900,05/02/1996
683,2009-03-23 11:00:02,1921,22/12/1997
684,2005-10-06 14:34:58,1908,27/06/1997
685,2015-02-13 18:57:03,1930,29/06/1997
686,2003-03-11 12:11:28,1946,10/07/2012
687,2009-03-30 22:23:49,2005,01/12/1995
688,2007-06-12 03:45:05,1975,12/07/2013
689,1992-11-05 17:10:58,1986,30/05/2015
690,2012-03-20 06:18:54,1931,28/10/1992
691,2015-09-20 00:52:00,1910,21/05/1994
692,2005-03-10 17:32:39,1990,04/11/1992
693,1997-01-19 05:15:33,1939,03/07/1990
694,2004-02-08 04:19:10,2003,01/06/2012
695,2011-05-11 22:58:20,1920,24/04/1994
696,2012-08-05 23:33:03,1903,01/02/2001
697,1992-09-16 23:51:29,1929,05/09/2006
698,1997-03-16 18:54:30,1968,31/07/2016
699,1997-04-24 05:09:55,1951,10/08/2001
700,1993-02-05 23:00:37,1967,27/11/2000
701,1991-04-02 13:23:11,1977,15/07/1996
702,1996-02-03 04:18:07,2005,26/12/2000
703,1996-02-28 06:40:41,2006,23/04/2016
704,2011-02-05 03:42:03,1954,03/02/1997
705,2012-07-30 18:55:13,1960,28/07/1997
706,1991-10-31 10:23:19,2012,05/03/2013
707,2015-08-07 09:03:06,1939,25/06/2016
708,2012-08-14 11:16:12,1912,03/08/2003
709,2007-08-21 05:00:28,1960,05/08/2013
710,2000-06-21 12:31:10,1911,07/03/2008
711,1997-05-20 14:32:12,1913,02/09/2008
712,1990-03-22 08:43:01,1937,04/01/2010
713,2010-03-16 16:18:33,2001,19/03/2000
714,2000-01-24 13:21:39,1937,22/09/2009
715,2016-06-07 19:05:23,1969,16/06/1999
716,2011-10-14 14:14:21,1916,20/10/1991
717,2005-09-15 22:17:37,1961,21/06/2009
718,2001-02-06 11:09:31,1953,01/11/2008
719,2001-10-18 17:49:24,1945,31/10/2015
720,2011-07-16 17:25:07,1926,07/12/2013
721,2015-10-21 02:17:32,1901,05/06/2001
722,1995-08-10 02:49:25,1983,17/08/1992
723,1991-08-21 06:48:43,1930,03/02/1992
724,2001-06-10 09:46:41,1967,11/07/1991
725,2002-07-16 13:38:57,1944,09/02/2002
726,2005-12-14 16:32:04,1935,09/12/1998
727,2007-10-31 02:05:10,1926,07/06/2004
728,2003-04-21 16:55:50,1958,02/04/2009
729,2010-05-04 10:30:29,1998,06/11/2013
730,1993-06-29 15:14:28,1910,28/04/2006
731,1995-02-21 06:20:46,2010,31/05/1998
732,2002-08-18 17:00:54,1921,06/05/2012
733,2013-11-29 13:07:07,2005,13/09/2012
734,1996-10-08 13:17:20,2015,20/06/2001
735,2014-12-19 23:07:18,2008,16/04/1999
736,1996-10-17 14:28:41,1918,18/07/1997
737,2014-05-25 05:29:36,1965,04/11/1996
738,2003-05-15 21:41:00,1942,16/02/2002
739,2011-03-14 00:01:39,1916,01/03/1990
740,1991-08-20 06:38:48,1959,24/07/1994
741,2003-08-22 15:54:27,1986,24/04/2007
742,2013-09-28 20:11:10,1995,04/06/1993
743,1997-06-16 10:51:58,1970,21/10/2014
744,2012-10-12 16:27:11,1905,20/02/1997
745,2012-04-07 07:32:41,2000,19/07/2003
746,2002-10-20 06:53:35,2002,04/06/1996
747,1997-10-17 20:28:35,1920,12/05/2004
748,2002-03-21 03:09:27,1964,17/04/1994
749,2005-10-21 20:01:54,1950,21/02/1995
750,2005-03-31 02:33:18,1918,31/05/1992
751,1992-04-16 05:38:46,2001,29/08/2015
752,2016-03-21 00:27:36,1939,22/10/2014
753,2016-07-01 12:55:06,1941,26/02/2001
754,2014-05-31 11:14:53,1988,18/08/2004
755,2000-06-05 17:57:32,1996,02/10/2004
756,1991-09-11 01:38:38,2010,24/02/2006
757,2003-02-02 09:18:50,1984,18/05/2009
758,2006-12-10 13:38:47,2012,07/11/1995
759,2003-02-10 23:19:15,1936,05/12/1990
760,2009-05-17 19:43:01,1917,16/11/2008
761,2009-06-09 01:35:59,1952,20/11/1998
762,1990-10-23 15:03:55,2015,06/03/1994
763,1996-10-28 02:32:57,1915,26/10/2002
764,2005-08-26 13:42:29,2013,07/12/2015
765,2012-07-20 08:34:57,1909,12/12/2005
766,2001-11-15 11:09:36,1991,24/07/2005
767,2015-12-10 01:36:49,1970,10/06/2009
768,1990-06-17 03:48:02,2006,24/03/2002
769,1997-08-02 09:57:40,1906,23/02/1996
770,1991-02-03 13:10:43,1942,12/07/2002
771,2001-08-04 20:32:40,2006,08/12/2001
772,2014-03-09 18:01:09,1973,06/10/2014
773,1990-12-15 15:24:39,1935,25/05/1998
774,2015-10-21 14:51:35,1933,02/03/1999
775,1991-01-02 03:14:08,2015,07/02/2003
776,2000-12-04 22:31:23,1936,21/10/2003
777,2007-04-08 05:38:14,1983,02/09/2011
778,2012-06-24 17:46:11,1925,22/08/2008
779,1999-12-30 23:13:29,1991,15/08/2013
780,1996-03-24 17:08:30,1910,03/04/2002
781,2004-02-18 15:49:51,1975,06/11/2005
782,2002-03-23 04:56:36,1981,30/01/1994
783,1995-12-10 11:09:06,2016,10/12/2006
784,2011-10-14 00:22:26,1905,04/01/1995
785,2016-01-05 02:53:51,1939,14/04/2015
786,2011-12-05 19:32:19,1952,16/10/1994
787,1992-04-26 13:06:04,1948,22/07/2009
788,1992-12-12 07:19:22,2002,18/10/1998
789,2001-04-30 05:09:11,1934,22/03/2009
790,2012-09-15 22:49:17,1991,30/12/1994
791,1994-11-21 13:49:13,1956,21/07/2005
792,2000-03-19 05:08:03,2006,20/03/2010
793,2007-11-18 22:04:14,2006,19/01/2009
794,2015-01-28 11:57:35,1992,31/07/2012
795,2003-08-24 15:06:47,1965,27/02/2002
796,2001-05-02 15:08:53,2015,01/02/2005
797,2005-10-10 22:27:36,1932,11/03/2008
798,1991-05-23 10:18:51,1959,21/02/2005
799,2012-04-24 02:56:56,1965,06/03/2001
800,2008-10-05 09:50:57,1990,08/10/2008
801,1993-06-08 05:20:21,1915,08/10/2010
802,2000-11-24 13:18:50,1961,10/07/2012
803,2013-09-30 05:22:07,1962,01/05/2000
804,1992-06-20 03:00:48,2010,26/11/2004
805,2013-12-06 20:53:58,1919,28/02/2001
806,1997-10-13 23:54:20,1968,06/02/2016
807,1994-09-20 10:31:44,1988,08/06/1993
808,2013-04-02 16:37:16,1957,24/04/2014
809,2015-08-23 12:31:56,1908,29/04/2000
810,1991-11-29 20:11:06,1937,15/04/1998
811,1991-11-25 11:17:28,1909,29/09/2005
812,2001-03-05 13:57:32,2007,11/11/2011
813,2001-05-14 15:26:02,1950,05/07/1992
814,1990-03-01 16:20:25,1987,22/12/2003
815,2000-01-30 20:30:44,1935,08/08/2013
816,2009-08-29 22:12:26,1914,28/07/1994
817,2003-11-16 21:58:55,2015,23/03/2000
818,2007-07-13 16:11:54,1994,26/05/1999
819,2003-04-27 07:27:46,1948,26/02/1999
820,1992-09-11 04:27:44,1934,14/08/1991
821,2007-10-20 05:59:03,1945,08/05/1991
822,1990-04-25 15:42:42,2011,26/01/1994
823,1992-12-14 13:00:56,2001,24/03/2009
824,1990-02-11 22:59:14,1942,18/10/2001
825,1993-06-17 23:59:25,1906,14/05/1997
826,2006-03-01 21:36:21,2016,21/12/2014
827,1996-03-08 20:10:13,1988,13/02/1997
828,2003-02-19 17:47:32,1947,02/12/2015
829,1997-10-29 06:16:09,1958,12/01/1999
830,2003-08-28 04:55:03,1943,15/12/1995
831,1997-04-08 08:54:34,1942,18/09/2009
832,2014-01-19 20:00:01,1991,15/07/2002
833,1991-06-08 14:58:53,1954,22/07/2016
834,2004-03-19 10:17:54,1935,08/03/1999
835,2007-05-04 04:59:50,1972,04/04/1990
836,2007-04-24 05:34:47,1937,07/04/2014
837,1996-10-01 06:31:42,1911,27/04/2009
838,2008-12-27 21:55:46,1931,03/01/2001
839,1993-12-03 00:29:07,1937,10/01/2006
840,2012-04-07 09:36:24,1973,25/05/2001
841,1998-09-08 14:54:40,1942,05/11/1995
842,2000-05-23 00:24:55,1931,14/12/2005
843,2001-11-13 06:07:19,2014,24/10/1991
844,1993-03-06 02:30:25,1922,15/06/1996
845,1993-07-05 10:49:06,1941,03/03/1998
846,2008-04-05 17:17:06,1926,02/01/1996
847,1990-04-30 02:05:43,1995,24/11/1990
848,2007-06-30 19:43:37,1903,16/03/2000
849,2008-11-10 23:22:20,1915,24/05/2002
850,1997-11-16 20:17:33,1965,17/03/2004
851,2002-10-22 09:10:06,1945,20/09/2012
852,2009-02-24 00:36:32,2006,16/06/2011
853,2012-06-09 12:35:07,1923,21/11/1999
854,1998-12-02 03:17:06,2013,03/12/1999
855,1992-07-14 09:53:02,2002,17/11/2004
856,1992-07-30 07:41:21,1900,18/11/2012
857,2011-08-04 01:59:56,1975,25/04/1992
858,2008-01-21 13:48:40,2000,02/03/2000
859,1994-06-10 03:03:22,1933,06/12/2014
860,1991-12-27 13:38:58,1972,20/06/1999
861,2015-02-21 18:46:38,1954,18/05/2015
862,1994-02-13 20:47:37,1903,02/12/1997
863,2016-02-06 00:29:56,2007,20/02/1997
864,2008-02-29 03:51:03,1979,05/11/2014
865,2000-03-03 08:52:38,2012,11/03/1991
866,1999-05-19 00:01:42,1921,22/10/1995
867,2016-07-30 17:15:18,1910,13/10/1995
868,1995-06-23 16:11:02,1916,25/12/1993
869,2008-08-23 21:14:09,1924,20/05/2002
870,2006-02-07 16:34:00,2001,13/05/2002
871,1996-06-24 19:35:33,2014,14/10/1991
872,1998-11-09 10:22:15,1915,29/11/1992
873,2002-01-18 17:12:05,2008,01/10/2011
874,2005-12-26 12:16:12,1916,17/04/2006
875,1992-06-05 21:55:19,1940,19/07/2003
876,2004-12-24 06:40:18,1915,17/02/2003
877,2014-12-20 15:48:08,1945,20/09/2002
878,1995-02-26 19:20:46,1935,28/03/2009
879,2000-08-09 13:58:46,1958,15/01/1994
880,2008-11-29 12:34:39,1972,11/09/2001
881,2008-10-07 06:40:16,1915,03/10/2004
882,2008-03-04 18:04:15,1941,08/10/2015
883,2004-09-20 07:34:19,1945,15/07/2002
884,2009-01-26 19:21:03,1911,03/06/1996
885,2008-01-01 21:28:47,1945,09/08/2012
886,2008-06-25 06:26:31,1923,06/09/2015
887,2005-05-22 01:28:57,2007,19/03/1994
888,2002-02-15 04:57:23,2013,05/07/2006
889,2005-07-28 09:12:08,1931,25/04/1990
890,2001-09-17 04:35:06,1978,08/05/2012
891,1995-08-20 09:26:15,1941,03/12/1992
892,2015-03-11 18:14:03,1993,07/10/2011
893,1995-12-05 08:43:40,1978,02/06/1990
894,2005-08-04 06:59:15,1918,03/10/2015
895,2006-01-17 08:31:33,1900,05/07/2002
896,2003-01-16 17:32:06,2004,27/08/1999
897,1996-02-16 20:41:42,1982,27/04/1994
898,2005-09-06 17:01:02,1983,09/06/1999
899,2002-10-12 09:57:12,1953,06/03/2004
900,2004-05-03 18:22:10,1980,27/04/1996
901,2012-11-17 13:52:03,1924,12/02/2000
902,2001-12-04 06:13:49,1924,17/04/2004
903,2015-08-08 01:48:02,2013,04/09/1998
904,2002-07-11 17:01:08,2015,03/02/2003
905,2009-02-07 20:02:10,1956,20/01/2003
906,2009-04-10 15:46:39,2003,18/01/1998
907,2005-03-10 14:44:19,1965,29/10/2001
908,2002-03-12 14:07:59,2012,06/09/1998
909,1993-01-18 10:36:24,1988,29/07/2001
910,2015-01-22 06:26:51,1965,13/02/2014
911,2011-10-09 06:01:03,1903,13/04/2003
912,2004-02-03 20:49:21,1935,08/09/2006
913,1998-11-09 15:47:12,1938,01/09/2001
914,2009-07-19 13:06:52,1968,23/07/2000
915,1992-01-27 13:32:58,1975,20/07/2015
916,1990-02-10 21:30:53,1906,16/08/1995
917,2004-08-10 11:36:21,1967,10/04/2005
918,1996-05-07 09:30:58,1999,04/05/2011
919,2006-10-15 01:35:12,1936,30/07/1991
920,2001-03-12 22:28:23,1923,15/06/1997
921,2002-04-01 12:10:15,1994,08/04/1996
922,1993-01-27 21:08:24,1972,19/05/2012
923,2008-04-24 08:06:26,1957,21/02/2003
924,2000-06-23 14:28:07,1909,26/02/2013
925,2003-10-25 21:13:02,1962,23/06/2015
926,1993-07-22 03:26:56,1938,27/05/2006
927,1991-04-10 08:22:56,2008,24/09/1997
928,2010-10-20 06:07:08,1988,01/08/2002
929,2004-11-01 16:56:38,1904,29/10/1996
930,1992-02-15 04:28:55,1955,19/10/2009
931,2014-03-03 09:05:22,1924,29/10/2007
932,2006-01-31 04:45:07,1906,11/03/1994
933,1994-11-06 07:17:26,1961,15/04/1999
934,2010-01-05 12:03:49,1941,20/10/1992
935,1994-11-26 18:13:29,1926,08/11/2010
936,1998-10-31 10:19:30,1946,27/06/1996
937,2007-08-29 05:13:57,1946,02/12/1996
938,1992-04-06 07:14:31,1981,25/05/1994
939,2007-09-23 16:33:02,1988,30/10/2010
940,2006-02-05 22:01:41,1906,01/04/1991
941,2004-02-10 20:17:07,1946,27/01/1992
942,2014-01-04 16:40:46,2004,02/09/2002
943,2015-05-09 14:04:40,1966,25/05/2002
944,2005-04-09 01:12:15,1979,26/11/2014
945,2012-07-17 04:48:46,2001,24/10/2002
946,2002-09-30 16:21:23,1900,10/03/2013
947,2015-11-29 18:42:21,1900,13/02/2002
948,2016-03-25 06:33:41,2000,03/08/1993
949,2003-03-08 02:08:17,1966,19/11/2010
950,2001-06-14 16:20:51,1945,22/11/2003
951,2001-03-11 18:47:27,2007,13/09/1991
952,1992-01-30 05:45:13,1962,09/09/1992
953,1997-01-31 23:42:24,2013,24/02/2008
954,2015-10-30 15:28:39,1959,19/05/1999
955,2001-11-06 21:33:55,1914,29/10/2004
956,2000-12-06 00:29:03,1966,02/04/2013
957,1998-05-31 17:33:14,1909,13/02/2009
958,2007-12-28 17:47:31,1955,01/03/2012
959,2007-09-06 01:15:42,1931,16/07/2014
960,1990-12-20 12:15:09,1961,01/08/2010
961,2005-10-11 18:06:02,1943,22/12/1999
962,2007-06-23 02:04:22,1983,17/09/2010
963,1994-11-08 19:47:25,1974,27/01/2001
964,2008-05-06 20:27:05,1929,12/12/2005
965,1994-03-10 18:23:14,1920,24/09/1998
966,1998-02-16 19:49:05,1996,01/07/1993
967,1990-08-18 14:28:27,1913,29/10/2012
968,2012-11-28 14:35:47,2002,07/05/2001
969,2015-10-23 14:07:43,1949,30/12/2009
970,1998-09-22 08:33:18,1980,26/08/2009
971,2000-12-27 06:46:03,2011,24/07/1990
972,1990-01-31 07:09:02,1925,05/10/2012
973,2006-12-28 09:14:03,1959,31/01/2014
974,2001-09-17 21:27:52,1966,04/10/2009
975,1999-11-04 18:41:49,1970,26/12/2010
976,2014-04-12 08:52:58,1988,28/04/1995
977,1991-06-03 02:19:29,2016,28/10/2014
978,2008-11-01 03:52:00,1922,28/12/1994
979,2010-01-01 17:12:47,1978,21/01/2002
980,1995-11-11 00:00:11,2005,10/08/1997
981,2013-09-16 17:17:17,2006,03/09/1994
982,2002-01-28 05:28:01,1932,28/02/2010
983,2013-08-26 08:26:14,1972,28/12/1994
984,1999-10-24 14:01:23,1946,28/12/2013
985,1996-12-03 01:47:29,1940,16/12/2002
986,2000-12-20 00:30:04,1975,17/01/1994
987,2013-01-16 08:19:11,1991,20/03/2004
988,1990-07-29 17:54:51,2001,17/03/1990
989,1995-08-19 11:50:54,1946,02/03/2007
990,2002-11-01 08:42:17,1938,12/09/1990
991,2001-10-08 05:55:22,1938,08/09/2002
992,2000-10-18 06:22:14,1933,19/03/2005
993,2014-08-20 04:41:35,1943,31/05/2004
994,1992-06-08 18:35:14,2003,23/04/2011
995,1995-12-10 14:14:41,2000,28/10/2014
996,2006-06-24 02:56:37,1932,30/08/1993
997,1995-05-26 01:14:50,2012,09/02/2014
998,2016-03-20 21:03:33,1945,09/12/1992
999,1998-01-03 19:17:22,1931,15/09/2011
1000,1998-11-04 03:30:31,1938,01/11/2005
