Code,Name,Type,Vintage,BottlePrice,CasePrice,Class
1,Morris,Rosado,1985,1116.55,5330.28,829
2,Clark,Tinto,1976,3589.34,6246.72,59
3,Gutierrez,Rosado,1996,3866.65,6330.16,88
4,Thompson,Blanco,2000,2579.53,8281.31,727
5,Scott,Rosado,2000,1358.58,4968.99,827
6,Gonzales,Blanco,1994,3090.46,4424.17,544
7,Scott,Tinto,1976,3195.54,6359.94,348
8,Montgomery,Blanco,1999,709.45,919.45,401
9,Torres,Tinto,1984,334.08,5086.83,658
10,Morales,Rosado,1984,1897.81,5612.72,363
11,Wright,Rosado,1990,967.85,8429.52,151
12,Ramos,Rosado,1996,272.2,6307.44,969
13,Chapman,Blanco,1975,638.67,4364.92,815
14,Gray,Tinto,1985,1966.71,682.86,277
15,Olson,Tinto,1979,2473.77,8824.84,40
16,Reid,Blanco,1977,2654.28,3940.65,149
17,Graham,Rosado,1992,3471.34,4239.99,486
18,Murray,Blanco,2000,1088.48,5068.38,773
19,Warren,Tinto,1987,1146.59,2638.74,610
20,Moreno,Rosado,1988,3683.93,799.8,660
21,Stevens,Tinto,1972,4111.73,7927.14,735
22,Mason,Tinto,1994,652.59,994.57,174
23,Ward,Blanco,1972,3035.32,2884.58,997
24,Weaver,Blanco,1983,1654.87,5819.43,941
25,Webb,Tinto,1990,1936.84,8292.58,961
26,Ryan,Blanco,1979,3825.85,7476.45,467
27,Reid,Blanco,1986,1131.16,5619.34,359
28,Evans,Rosado,1970,4410.18,1902.69,362
29,Carter,Rosado,1988,4137.45,574.81,835
30,Campbell,Rosado,1992,2545.37,8169.79,314
31,Washington,Rosado,1970,3395.23,4936.31,524
32,Lopez,Rosado,1984,2867.27,2412.98,852
33,Torres,Rosado,1983,4331.66,1959.23,713
34,Warren,Rosado,1993,4033.71,4093.04,244
35,Ortiz,Blanco,1970,3623.67,5028.64,675
36,Owens,Rosado,1982,4466.64,583.89,921
37,Matthews,Rosado,1983,135.86,3020.74,32
38,Hawkins,Tinto,1999,3271.14,7667.29,841
39,Dunn,Rosado,1993,1592.11,1899.09,72
40,Scott,Blanco,1999,1644.03,8477.86,529
41,Stewart,Rosado,1980,3171.22,4376.28,753
42,Simpson,Rosado,1977,2045.03,3012.67,360
43,Phillips,Rosado,1990,3889.35,1230.78,784
44,Snyder,Tinto,1991,4185.76,5786.55,895
45,Cooper,Blanco,1982,3450.83,1240.55,900
46,Ryan,Rosado,1989,1867.17,7781.37,904
47,Castillo,Blanco,1975,3435.95,4145.45,612
48,Porter,Rosado,1992,4206.99,7653.36,710
49,Shaw,Blanco,1997,4499.09,6868.41,760
50,Ramirez,Rosado,1975,393.31,2239.21,859
51,Weaver,Rosado,1998,350.88,3150.83,99
52,Williams,Blanco,1989,467.76,8459.37,395
53,Green,Rosado,1991,2703.95,5505.83,514
54,Scott,Rosado,1978,1345.1,8013.61,778
55,Morgan,Rosado,1993,2381.1,5914.97,400
56,Brown,Rosado,1996,2213.48,5146.74,402
57,Richards,Blanco,1982,4195.43,1797.85,559
58,Kelley,Rosado,1982,950.74,5101.42,745
59,Matthews,Rosado,1973,1151.11,6703.18,892
60,Hill,Tinto,1972,891.97,5558.92,569
61,Mills,Blanco,1999,3116.38,549.92,595
62,Powell,Blanco,1995,1506.05,9859.25,618
63,Lawson,Rosado,1998,543.86,9240.08,706
64,Brooks,Tinto,1978,2489.63,8455.71,193
65,Stanley,Tinto,1981,1332.21,1156.57,892
66,Butler,Blanco,1993,1427.32,9554.34,652
67,Black,Rosado,1998,2050.33,7708.23,432
68,Wright,Rosado,1977,137.44,503.54,226
69,Nichols,Tinto,1974,1083.01,9222.42,754
70,Bowman,Tinto,1974,1831.39,8632.05,46
71,Day,Rosado,1987,4040.68,9334.6,667
72,Harvey,Rosado,1980,4331.44,3682.79,545
73,Morales,Blanco,1971,3205.02,2375.47,773
74,Murphy,Rosado,1989,3860.21,6298.45,848
75,Henry,Rosado,1982,249.31,3146.3,845
76,Cook,Rosado,1977,3496.92,7173.28,953
77,Gray,Rosado,1977,3626.33,761.08,222
78,Jenkins,Rosado,2000,1493.44,7681.68,743
79,Lee,Rosado,1974,258.66,8925.33,410
80,Stevens,Blanco,1972,399.74,1029.54,218
81,Wheeler,Blanco,1992,2416.43,7872.57,423
82,Martinez,Rosado,1980,527.97,3021.09,768
83,Cruz,Rosado,1976,3735.13,3705.28,854
84,Stewart,Rosado,1990,2503.36,4898.9,491
85,Campbell,Rosado,1995,1432.66,6361.39,650
86,Jenkins,Tinto,1970,1911.35,6120.5,494
87,Ramos,Blanco,1991,4221.06,8756.68,545
88,Roberts,Tinto,1999,1508.38,5933.3,128
89,Fisher,Tinto,1990,1812.28,3776.17,128
90,Alvarez,Tinto,1971,526.71,2250.61,932
91,Stanley,Blanco,1975,101.27,9311.42,789
92,Lawson,Rosado,1995,3916.81,5435.87,519
93,Porter,Blanco,1979,1934.51,9521.01,998
94,Duncan,Tinto,1970,467.46,3617.53,995
95,Gordon,Rosado,1971,643.91,8163.53,21
96,Carter,Rosado,1986,2972.68,3717.51,905
97,Gutierrez,Rosado,1973,3755.36,9495.76,55
98,Payne,Rosado,1999,4146.74,5116.59,970
99,Arnold,Rosado,1974,3893.44,8915.09,627
100,Griffin,Blanco,1990,3011.22,6189.27,855
101,Gonzalez,Blanco,1979,4451.88,1055.47,262
102,Freeman,Tinto,1995,3343.24,3441.15,18
103,Hunter,Rosado,2000,685.41,5275.92,145
104,Henry,Rosado,1991,4020.78,8929.81,974
105,Martin,Rosado,1978,1998.86,6169.47,356
106,Schmidt,Blanco,1978,1417.88,7934.69,957
107,Johnston,Blanco,1989,3192.97,3951.9,296
108,Banks,Blanco,1995,2518.06,7851.37,377
109,Boyd,Rosado,1995,1722.87,8269.27,32
110,Holmes,Blanco,1986,1651.11,1888.85,473
111,Chapman,Blanco,1999,2949.51,6281.89,710
112,Hansen,Rosado,1991,2136.02,2508.1,405
113,Simpson,Blanco,1978,3858.5,5606.39,816
114,Snyder,Blanco,1993,4337.38,9602.42,987
115,Taylor,Rosado,1975,4449.89,7942.97,920
116,Watson,Rosado,1973,3230.29,5185.91,181
117,Fernandez,Rosado,1990,2585.75,8402.75,495
118,Hudson,Blanco,1990,3392.3,9730.52,548
119,Johnston,Tinto,1970,2512.17,3312.79,712
120,Payne,Rosado,1993,3262.99,4786.85,879
121,Palmer,Rosado,1979,648.86,2968.84,999
122,Richardson,Rosado,1986,1451.71,6374.37,541
123,Hudson,Tinto,1986,3783.36,9596.5,781
124,Chapman,Blanco,1999,4022.88,2145.07,243
125,Robertson,Rosado,1979,775.92,1406.18,211
126,Arnold,Blanco,1998,3588.18,9238.88,322
127,Castillo,Rosado,1981,3100.37,4040.38,175
128,Young,Rosado,1994,2558.36,7207.11,155
129,Watkins,Rosado,1996,989.45,2699.2,14
130,Williams,Tinto,1979,4274.48,1307.05,423
131,Sullivan,Rosado,1989,2681.21,8372.51,844
132,Morrison,Tinto,1994,3860.52,3693.01,493
133,Bryant,Blanco,1977,3118.24,6625.27,597
134,Turner,Rosado,1998,851.84,4739.06,201
135,Thomas,Rosado,1970,455.82,5176.23,256
136,Moreno,Tinto,1975,2282.85,6129.04,489
137,Adams,Rosado,1986,1145.12,1047.62,333
138,Banks,Rosado,1986,2742.39,5521.54,865
139,Gibson,Blanco,2000,1521.22,4312.43,379
140,Morales,Tinto,1982,2295.86,5432.85,225
141,Bailey,Rosado,1988,2813.17,3244.01,123
142,Nguyen,Rosado,1974,792.3,9925.92,170
143,Duncan,Rosado,1972,3936.67,9536.11,770
144,Patterson,Blanco,1980,1024.31,8153.05,890
145,Davis,Tinto,1988,3772.28,9261.96,710
146,Perez,Blanco,1981,1842.4,6363.28,772
147,Washington,Rosado,1975,2102.2,8040.12,585
148,Ford,Rosado,1990,2501.18,6919.45,954
149,Rodriguez,Tinto,1994,3791.59,4055.29,484
150,Austin,Blanco,1979,2380.21,9657.69,343
151,Hunter,Tinto,1991,1514.83,4343.38,530
152,Moore,Blanco,1979,3665.14,5427.63,490
153,Young,Tinto,1978,1369.52,1784.67,10
154,Perez,Rosado,1970,4492.97,7496.61,715
155,Perkins,Rosado,1993,4383.4,9933.54,539
156,Mason,Rosado,1977,1330.65,8677.0,216
157,Cunningham,Blanco,1989,4023.38,2849.96,248
158,Lewis,Tinto,1988,3534.07,7808.25,462
159,Carter,Rosado,1983,3415.41,1291.82,610
160,Montgomery,Tinto,1974,2146.24,8122.41,223
161,Spencer,Blanco,1995,1710.25,6594.43,565
162,Gray,Rosado,1974,949.05,7994.27,669
163,Hunt,Tinto,1987,3230.97,8341.29,657
164,Burton,Tinto,1995,2552.6,3232.36,242
165,Ross,Rosado,1989,4148.65,6280.27,707
166,Harvey,Tinto,1995,3408.12,6415.04,854
167,Ray,Tinto,1994,1319.16,9231.84,462
168,Crawford,Blanco,1990,494.6,8425.03,298
169,Patterson,Rosado,1979,961.81,8588.71,462
170,Williams,Rosado,1981,1173.69,8734.12,946
171,Burns,Blanco,2000,747.65,5357.55,822
172,West,Tinto,1977,3739.04,7930.86,189
173,Fuller,Tinto,1992,3463.67,6480.26,536
174,Hanson,Rosado,1980,3993.81,8750.46,57
175,Rogers,Tinto,1986,2165.25,3494.59,400
176,Allen,Rosado,1972,3281.08,6314.77,915
177,Martinez,Blanco,1977,3212.98,2927.23,626
178,Long,Rosado,1987,3297.5,8692.02,379
179,Richards,Rosado,1990,1216.83,4583.56,603
180,Peters,Blanco,1995,3054.04,5289.58,927
181,Larson,Blanco,1984,4262.5,6705.52,953
182,Day,Rosado,1987,2015.38,5525.77,649
183,Coleman,Blanco,1986,455.21,2518.5,396
184,Garrett,Blanco,1995,1553.66,9594.07,963
185,Moore,Rosado,1998,3820.93,9671.21,567
186,Day,Tinto,1977,1798.99,9453.08,417
187,Perry,Rosado,1976,4246.65,9408.03,175
188,Rice,Tinto,1974,454.64,2745.52,797
189,Washington,Rosado,1970,601.97,8509.59,897
190,Bishop,Rosado,1999,3754.92,8053.66,435
191,Ryan,Tinto,1971,655.31,7648.01,620
192,Elliott,Rosado,1995,3351.19,7984.83,44
193,Gordon,Tinto,1974,2536.36,4844.91,50
194,Payne,Rosado,1984,1684.16,8396.78,182
195,Johnson,Tinto,1976,1931.04,8592.43,927
196,Little,Rosado,1980,1873.06,2729.23,348
197,Kim,Rosado,1993,1900.09,4762.22,740
198,Stevens,Tinto,1990,1846.76,5620.07,740
199,Jordan,Rosado,1998,4387.76,3258.6,132
200,Wheeler,Rosado,1992,2818.93,750.37,300
201,Meyer,Rosado,1990,141.04,7406.81,941
202,Wallace,Rosado,1998,1244.26,4598.38,191
203,Warren,Tinto,1989,328.56,7002.32,444
204,Bailey,Tinto,1973,3547.24,8189.54,61
205,Bowman,Rosado,1984,1788.46,7262.47,88
206,Garcia,Rosado,1980,1291.82,1715.76,750
207,Kim,Rosado,1992,3752.63,6536.36,642
208,Freeman,Blanco,1978,3939.23,4470.36,971
209,James,Rosado,1990,1106.94,2921.19,130
210,Armstrong,Rosado,2000,2947.92,9482.79,192
211,Jacobs,Blanco,1979,1461.11,8959.19,263
212,Fox,Rosado,1984,2312.58,6822.15,63
213,Flores,Rosado,1970,4400.58,1491.89,164
214,Robinson,Tinto,1987,2140.41,6566.45,135
215,Banks,Rosado,1971,868.07,1953.74,418
216,Porter,Blanco,1991,3410.3,6884.64,367
217,Porter,Rosado,1970,3502.97,5360.3,175
218,Nelson,Rosado,1977,1348.38,3625.04,398
219,Rivera,Tinto,1978,3851.36,5593.97,195
220,Harper,Rosado,1991,269.1,5367.75,463
221,Garcia,Rosado,1992,773.47,9015.56,674
222,Rivera,Rosado,1995,816.67,5059.08,517
223,Dunn,Blanco,1977,428.92,4769.23,269
224,Fuller,Rosado,1994,2448.74,9403.48,990
225,Rice,Rosado,1996,936.25,7449.46,438
226,Owens,Rosado,1988,1275.39,3659.16,271
227,Barnes,Rosado,1970,2205.36,6380.89,131
228,Matthews,Tinto,1989,3660.09,3850.0,272
229,Snyder,Rosado,1976,1727.93,5477.13,827
230,Brooks,Rosado,1971,1858.24,8709.12,593
231,Kim,Rosado,1985,1843.79,3497.03,4
232,Bailey,Blanco,1994,1371.89,5480.57,563
233,White,Tinto,1988,3335.9,2834.53,241
234,Flores,Tinto,1991,1181.21,4405.02,583
235,Ramos,Tinto,1996,370.84,4740.32,726
236,Ferguson,Rosado,1985,2065.88,9512.38,736
237,Garrett,Tinto,1983,1271.2,9732.5,339
238,Patterson,Rosado,1975,1402.03,6292.24,705
239,Fowler,Rosado,2000,1290.92,7349.76,381
240,Stevens,Tinto,1994,3270.87,1003.98,55
241,Bennett,Rosado,1979,2012.72,6812.09,314
242,Crawford,Rosado,1976,2426.79,9895.18,988
243,Mills,Tinto,1988,3275.05,6092.87,300
244,Rivera,Rosado,1976,341.32,7596.44,300
245,Evans,Rosado,1993,525.92,3265.42,179
246,Fernandez,Rosado,1997,1286.16,8448.83,749
247,West,Rosado,1994,518.31,2290.86,421
248,Griffin,Tinto,1986,3993.91,2708.62,504
249,Miller,Tinto,1998,4091.2,9592.78,162
250,Medina,Blanco,1971,861.07,5052.18,866
251,Snyder,Tinto,1971,1370.67,2368.71,800
252,Romero,Rosado,1995,3516.14,4017.44,863
253,Turner,Rosado,1987,2009.09,9351.82,97
254,Kelley,Rosado,1982,2723.4,5265.29,571
255,Sanders,Rosado,1987,4184.71,8209.63,555
256,Day,Rosado,1982,2506.78,4284.32,170
257,Dunn,Blanco,1998,4190.3,8759.22,975
258,Jenkins,Blanco,1973,321.82,1080.96,633
259,Ellis,Rosado,1985,1183.77,5769.59,689
260,Carroll,Blanco,1971,2874.33,7955.87,65
261,Cruz,Tinto,1980,915.52,4102.27,614
262,Bailey,Tinto,1998,3341.66,8748.11,316
263,Hunt,Tinto,1985,1513.85,7231.09,8
264,Lynch,Rosado,1987,112.13,3730.71,711
265,Lee,Tinto,1994,2423.92,1159.95,504
266,Wood,Blanco,1992,4389.82,3293.82,43
267,Ray,Blanco,1985,2842.7,7010.74,238
268,Kelley,Blanco,1991,382.97,4954.81,277
269,Hicks,Blanco,1973,3244.89,2431.9,289
270,Jacobs,Rosado,1988,2736.85,6542.3,88
271,Mccoy,Tinto,1997,1185.49,2310.87,395
272,Price,Blanco,1973,2508.67,8863.16,913
273,Welch,Tinto,1982,2227.67,1339.45,231
274,Matthews,Rosado,1974,4055.17,1003.51,909
275,Peterson,Tinto,1997,3834.74,7810.89,535
276,Lynch,Rosado,1981,1986.7,5890.31,528
277,Ferguson,Blanco,1980,3809.44,3395.42,122
278,Schmidt,Rosado,1977,2302.71,5068.33,8
279,Lopez,Rosado,1983,898.99,8083.47,806
280,Flores,Rosado,1989,846.23,1816.21,513
281,Green,Blanco,1974,1677.34,9250.44,890
282,Olson,Blanco,1979,187.01,4079.98,581
283,Weaver,Rosado,1999,2912.0,1164.02,416
284,Banks,Blanco,1990,544.73,5591.01,648
285,Garcia,Rosado,1995,4290.5,4752.05,277
286,Medina,Tinto,1972,3092.15,8231.57,549
287,Hayes,Blanco,1979,3774.69,9689.36,222
288,Turner,Tinto,1979,1646.96,1408.53,722
289,Brown,Tinto,1973,2328.68,1468.63,808
290,Elliott,Rosado,1976,316.71,7257.36,27
291,Stone,Rosado,2000,1197.4,2947.23,473
292,Perkins,Rosado,1993,4315.73,3936.81,716
293,Bailey,Rosado,1985,4110.31,8787.72,342
294,King,Rosado,1970,1568.07,5446.29,174
295,Elliott,Rosado,1974,4398.45,4759.63,435
296,Gardner,Tinto,1977,749.25,615.47,183
297,Taylor,Rosado,1979,3677.18,3844.13,881
298,Hughes,Rosado,1990,1115.97,1805.84,472
299,Hunt,Blanco,1993,3734.45,3968.5,866
300,Adams,Rosado,1990,2144.71,2417.32,435
301,Gilbert,Tinto,1971,3431.93,1048.05,233
302,Dean,Rosado,1992,3201.15,4290.06,510
303,Hawkins,Tinto,1976,4258.0,8402.84,20
304,Burns,Blanco,1989,2699.75,7268.8,329
305,Adams,Rosado,1984,603.81,5612.88,101
306,Fowler,Rosado,1994,2912.56,3926.56,647
307,Watkins,Blanco,1992,3021.2,9969.36,648
308,Reynolds,Blanco,1971,3379.18,2464.5,673
309,Henderson,Tinto,1975,1448.95,2229.88,991
310,Mason,Blanco,1990,2093.11,2931.22,323
311,Davis,Blanco,1996,1259.47,8168.93,116
312,Jackson,Blanco,1999,4054.75,7715.1,850
313,Dean,Rosado,1999,2079.09,9023.77,16
314,Hawkins,Tinto,1995,1065.21,7080.04,743
315,Ramirez,Tinto,1998,3779.96,6284.96,38
316,Lewis,Rosado,1991,864.23,5957.18,918
317,Burns,Rosado,1997,4209.27,2374.02,666
318,Mcdonald,Tinto,1987,2813.77,8605.23,189
319,Reid,Rosado,1972,1860.45,555.78,151
320,Hayes,Rosado,1992,930.26,4073.19,734
321,James,Tinto,1998,1320.49,6534.59,530
322,Hunt,Tinto,1977,813.5,2693.16,814
323,Jacobs,Blanco,1972,1542.33,4865.96,825
324,Hunt,Rosado,1979,3261.14,5615.76,783
325,Moore,Rosado,1979,3050.09,5723.76,709
326,Moore,Tinto,1998,822.22,4707.53,125
327,Payne,Blanco,1986,2270.16,920.43,531
328,Matthews,Blanco,1991,1890.14,7526.16,127
329,Mitchell,Rosado,1988,4454.85,2882.98,988
330,Morales,Tinto,1997,948.54,3664.23,616
331,Barnes,Blanco,1994,716.71,7761.22,942
332,Ferguson,Tinto,1981,1390.44,2084.03,280
333,Flores,Rosado,1982,2529.89,5453.65,136
334,Ortiz,Tinto,1980,170.22,884.7,762
335,Warren,Blanco,1985,4400.15,9346.91,60
336,Crawford,Rosado,1986,4378.11,831.49,219
337,Harris,Rosado,1972,1686.77,3891.29,645
338,Evans,Rosado,1975,1627.46,4702.67,236
339,Richardson,Blanco,1984,691.76,6265.87,744
340,Grant,Rosado,1997,2892.65,8263.84,175
341,Davis,Blanco,1997,4477.54,8484.29,694
342,Reyes,Blanco,1976,2982.86,9325.3,752
343,Elliott,Rosado,1990,4348.4,2753.89,795
344,Banks,Rosado,1985,2540.37,6367.49,664
345,Carr,Tinto,1975,2344.71,2936.12,949
346,Gray,Rosado,1995,1324.84,9229.85,450
347,Lopez,Blanco,1999,2882.88,8282.97,781
348,Peterson,Tinto,1975,573.01,6470.69,434
349,Alvarez,Tinto,1997,2024.4,3516.31,323
350,Jacobs,Tinto,1984,4160.5,4545.37,441
351,White,Rosado,1983,883.71,8235.83,858
352,Ford,Blanco,1999,935.46,7408.76,528
353,Holmes,Rosado,1995,728.39,1921.16,108
354,Holmes,Rosado,1982,1758.46,9444.9,234
355,Mills,Tinto,1998,4424.96,4552.32,292
356,Myers,Blanco,1970,1647.86,6325.59,891
357,Ford,Rosado,1989,2335.89,2961.8,440
358,Mitchell,Rosado,1999,3415.1,1379.27,723
359,Alvarez,Rosado,1980,2027.89,1577.32,444
360,Powell,Rosado,1985,1260.4,3345.47,961
361,Cruz,Rosado,1989,1239.02,3226.07,677
362,Spencer,Rosado,1980,2776.25,8067.04,116
363,Phillips,Rosado,1974,267.94,6204.72,522
364,Hunt,Rosado,1982,3526.15,9642.1,534
365,Payne,Blanco,1996,1002.21,7549.37,438
366,Long,Rosado,1972,190.45,6164.98,286
367,Cooper,Blanco,1993,222.52,9459.64,980
368,Boyd,Rosado,1999,1578.23,7980.31,426
369,Bryant,Rosado,1990,2139.43,6249.29,251
370,Rose,Blanco,1982,3819.67,8801.13,894
371,Bailey,Rosado,1988,1159.76,7203.22,787
372,Bishop,Tinto,1981,242.13,9054.47,674
373,Powell,Tinto,1973,1566.17,6199.75,193
374,Powell,Rosado,1996,2773.15,9280.55,312
375,Andrews,Rosado,1985,438.37,8571.29,937
376,Jacobs,Rosado,1984,4344.4,2306.5,253
377,Castillo,Rosado,1993,713.29,3666.11,759
378,Flores,Rosado,1985,1974.12,8909.58,339
379,Robertson,Rosado,2000,354.04,6456.8,840
380,Hill,Tinto,1971,886.67,7646.29,990
381,Matthews,Tinto,1973,1852.95,8220.3,134
382,Day,Rosado,1981,814.14,2937.1,125
383,Franklin,Rosado,1973,3636.52,1047.69,624
384,Johnston,Blanco,1985,2611.96,8914.04,738
385,Barnes,Rosado,1991,3390.9,8971.51,373
386,Weaver,Tinto,1989,3995.61,6626.71,585
387,Roberts,Blanco,1983,3859.6,9551.49,829
388,Perry,Tinto,1993,2034.75,8933.21,901
389,Garza,Tinto,1978,3032.46,6715.49,680
390,Perez,Rosado,2000,4267.59,9482.5,578
391,Kelley,Rosado,1986,2673.83,5503.22,185
392,Rice,Tinto,1981,1620.0,1997.78,415
393,Alexander,Tinto,1971,3010.64,6519.91,816
394,Peters,Rosado,1998,871.4,4756.17,615
395,Wheeler,Rosado,1986,2550.37,6283.79,413
396,Porter,Tinto,1985,2594.68,9440.03,424
397,Burns,Tinto,1972,2029.95,6999.07,184
398,Dixon,Blanco,1974,352.74,3682.81,306
399,Thompson,Blanco,1992,1720.63,8323.53,718
400,Bailey,Blanco,1984,3915.51,4549.42,240
401,Hernandez,Rosado,1979,1427.28,9486.01,827
402,Morris,Rosado,2000,2116.03,2286.33,646
403,Castillo,Tinto,1985,1508.34,4848.42,693
404,Chavez,Tinto,1992,2386.73,3293.18,246
405,Bradley,Rosado,1971,4361.62,7091.57,214
406,Schmidt,Rosado,1989,4122.76,803.15,487
407,Williams,Rosado,1984,3402.04,9739.35,96
408,Ferguson,Rosado,1992,768.5,2082.71,824
409,Johnson,Rosado,1977,2417.32,6680.15,839
410,Johnston,Blanco,1994,2914.69,2448.35,48
411,Cruz,Rosado,1997,2432.2,4276.69,15
412,Garrett,Tinto,1995,2556.45,9887.6,287
413,Diaz,Rosado,1977,3047.68,4639.3,282
414,Lynch,Tinto,1977,1868.18,5289.39,624
415,Crawford,Rosado,1971,3348.73,8052.51,276
416,Greene,Tinto,1978,469.22,3419.85,766
417,Nichols,Blanco,1986,4089.6,2434.55,245
418,Austin,Blanco,1997,1573.78,1708.2,780
419,Mills,Tinto,1994,1531.83,7940.11,926
420,Carpenter,Rosado,1970,3107.21,5396.44,917
421,Edwards,Rosado,1997,492.97,8502.56,160
422,Foster,Rosado,1974,874.82,6418.44,888
423,Morris,Rosado,1982,2655.28,9627.34,835
424,Garcia,Tinto,1980,1569.33,6199.02,346
425,Reyes,Tinto,1984,2969.55,8650.06,790
426,Peters,Tinto,1999,2219.79,3869.52,557
427,Morris,Rosado,1997,2074.81,8350.16,363
428,Wood,Rosado,1996,2659.59,8952.24,216
429,Mason,Blanco,1999,3689.46,2258.79,541
430,Johnson,Rosado,1993,1963.13,2999.37,427
431,Kim,Blanco,1988,595.53,5511.12,135
432,Stone,Rosado,1988,3880.35,3198.49,611
433,Rogers,Rosado,1983,1442.83,637.91,16
434,Porter,Blanco,1978,1120.43,3399.57,91
435,Hawkins,Tinto,1995,3660.29,5651.66,126
436,Spencer,Rosado,2000,1851.24,7957.0,603
437,Alvarez,Rosado,1978,4367.55,5661.24,71
438,Carroll,Blanco,1984,3052.07,1174.29,16
439,Cook,Rosado,1985,1167.91,3032.13,84
440,Lawson,Blanco,1982,676.47,8994.44,101
441,Mccoy,Blanco,1976,4379.27,2723.15,797
442,Rogers,Blanco,1973,775.32,696.87,945
443,Williamson,Blanco,1982,1960.63,3270.78,944
444,Ellis,Rosado,1980,4165.99,7610.34,31
445,Coleman,Rosado,1996,1516.52,2448.13,81
446,Johnston,Rosado,1977,3659.76,2101.76,267
447,Willis,Tinto,1970,3381.75,832.25,203
448,Garza,Rosado,1994,3091.07,8939.87,903
449,Ray,Rosado,1975,2601.89,3065.99,904
450,Cunningham,Rosado,1973,3555.05,4584.75,961
451,Hudson,Rosado,1984,4147.07,9325.71,231
452,Black,Blanco,1983,1814.29,9044.78,99
453,Taylor,Rosado,1977,3057.54,9461.94,229
454,Morrison,Rosado,1974,672.43,3936.04,993
455,Webb,Tinto,1988,3148.16,3409.17,406
456,Stanley,Rosado,1971,3537.73,707.47,697
457,Collins,Rosado,1997,1979.62,3924.71,605
458,Scott,Rosado,1993,3628.07,2835.94,284
459,Turner,Tinto,1982,2250.71,2012.02,397
460,Grant,Blanco,1988,2414.23,1791.76,737
461,Berry,Rosado,1971,1857.05,5944.84,252
462,Miller,Blanco,1998,3149.3,4225.97,12
463,Snyder,Rosado,1978,185.2,5151.24,314
464,Morales,Rosado,1992,270.68,1262.67,474
465,Daniels,Rosado,1987,1031.16,9784.83,820
466,Reid,Rosado,1971,4011.39,1916.84,840
467,Bryant,Tinto,1984,2775.49,4539.75,218
468,Miller,Blanco,1970,3516.08,3429.43,660
469,Fox,Blanco,1977,4098.42,2624.46,380
470,Mendoza,Rosado,1980,1406.34,4687.72,347
471,Reid,Blanco,1988,2344.06,5093.35,626
472,Mendoza,Rosado,1994,279.31,4741.79,280
473,Wilson,Rosado,1991,2880.1,3781.55,789
474,Grant,Rosado,1978,1239.18,3457.42,263
475,Vasquez,Rosado,1988,1947.95,2978.23,432
476,Henderson,Rosado,1981,2295.78,2339.62,858
477,Robertson,Tinto,1986,1870.47,2428.88,101
478,Mason,Rosado,1998,2917.83,6952.97,43
479,Burke,Tinto,1976,2121.6,2727.04,591
480,Marshall,Tinto,1977,3350.41,2416.45,393
481,Ellis,Rosado,1971,3970.11,5513.22,620
482,Jacobs,Blanco,1985,4105.92,2161.68,18
483,Garza,Blanco,1994,1627.51,8580.86,939
484,Holmes,Tinto,2000,4017.82,1812.86,324
485,Edwards,Blanco,1986,729.07,7596.78,809
486,Nichols,Rosado,1986,3746.19,1977.82,124
487,Brown,Rosado,1979,1084.24,7504.39,69
488,Stewart,Rosado,1981,1734.24,5146.79,812
489,Hernandez,Blanco,1997,4048.37,8799.03,471
490,Hudson,Rosado,1986,2478.96,4469.68,943
491,Wells,Tinto,1992,3594.43,3382.2,685
492,Grant,Tinto,1978,817.84,3241.82,272
493,Coleman,Rosado,1993,4249.71,9692.13,685
494,Murphy,Rosado,1998,764.51,9310.13,767
495,Hill,Tinto,1989,3231.12,6439.44,410
496,Pierce,Tinto,1981,4100.1,3535.73,699
497,Cook,Rosado,1995,2171.94,6343.98,780
498,Jordan,Blanco,1996,1689.12,5612.23,9
499,Pierce,Blanco,1985,1409.01,3660.83,830
500,Thompson,Rosado,1996,518.09,6627.39,866
501,Kennedy,Rosado,1997,1347.2,5027.69,974
502,Wallace,Rosado,1993,1305.13,6186.47,154
503,Tucker,Rosado,1974,1510.1,2154.35,196
504,Evans,Rosado,1984,2224.97,1277.5,454
505,Garza,Blanco,1983,3132.21,3250.78,808
506,Graham,Tinto,1991,4243.99,9594.87,681
507,Hudson,Tinto,1971,4185.06,3021.49,702
508,Reynolds,Rosado,1971,3520.56,7590.39,366
509,Wells,Rosado,1974,3948.52,8296.27,311
510,Hall,Rosado,1993,1811.0,905.89,759
511,Martin,Tinto,1974,3958.21,3219.51,563
512,Walker,Blanco,1975,3510.19,3606.28,515
513,Stanley,Rosado,1970,3689.66,5519.93,553
514,Meyer,Blanco,1979,3048.72,6269.29,320
515,Ferguson,Tinto,1998,3843.22,3155.91,816
516,Jordan,Rosado,1991,2534.49,4757.94,344
517,Arnold,Blanco,1981,4289.94,5529.79,192
518,Dean,Tinto,1991,1533.28,7173.7,144
519,Wilson,Rosado,1988,3224.44,8026.92,913
520,Burke,Blanco,1994,2510.26,2041.64,326
521,Garza,Tinto,1981,3990.57,9104.73,411
522,Hanson,Rosado,1992,934.9,4631.66,981
523,Mendoza,Rosado,1995,2419.98,8809.9,908
524,Pierce,Blanco,1970,4027.89,9675.72,719
525,Little,Rosado,1984,2131.0,7960.09,894
526,Watson,Rosado,1992,2115.82,1140.43,534
527,Carr,Tinto,1994,3552.4,1036.53,813
528,Knight,Blanco,1989,3440.6,4512.02,204
529,Henry,Rosado,1990,1096.64,7488.11,10
530,Nguyen,Rosado,1977,2531.52,1979.27,333
531,Kelly,Tinto,1978,2803.07,8656.34,771
532,Rivera,Tinto,1996,912.12,7209.48,417
533,Simmons,Rosado,1984,1740.03,3667.41,470
534,Gonzalez,Blanco,1988,3554.34,2765.24,907
535,Bowman,Rosado,1977,3844.73,2586.29,807
536,Perkins,Blanco,1993,3138.57,8968.38,91
537,Campbell,Rosado,1983,848.0,9441.17,470
538,Weaver,Tinto,1985,674.62,3441.84,354
539,Greene,Tinto,1981,352.65,3429.85,431
540,Evans,Rosado,1988,1456.36,3371.46,327
541,Baker,Blanco,1997,3764.52,5088.13,898
542,Welch,Tinto,1980,3693.13,5969.27,410
543,Cooper,Rosado,1973,897.26,5846.7,282
544,Morgan,Tinto,1994,1721.19,4689.26,799
545,Brooks,Blanco,1975,3147.96,7150.59,502
546,Moore,Rosado,1976,3033.88,9144.66,181
547,Morales,Tinto,1992,3293.43,854.67,447
548,Lawson,Blanco,1977,3301.05,8520.07,745
549,Edwards,Blanco,1995,2122.9,2750.75,327
550,Robertson,Rosado,1982,1844.29,2576.55,109
551,Jackson,Rosado,1995,2009.0,6780.83,480
552,Jones,Rosado,1972,2585.82,1428.67,9
553,Wood,Blanco,1973,3894.24,6617.2,721
554,Schmidt,Tinto,2000,324.91,8152.44,369
555,Gray,Blanco,1975,3809.54,7350.01,823
556,Nguyen,Tinto,1987,3111.0,6000.79,352
557,Ford,Tinto,1990,3976.83,2280.02,927
558,Mitchell,Blanco,1996,652.49,1908.94,913
559,Clark,Rosado,1996,2986.22,2046.49,724
560,Hunter,Tinto,1992,2468.09,7411.02,670
561,Young,Blanco,1991,3086.03,9467.72,908
562,Ramos,Blanco,1990,1626.24,6028.15,214
563,Freeman,Tinto,1989,4459.71,5116.23,823
564,Powell,Rosado,1984,2033.39,9516.84,56
565,Cole,Rosado,1973,4124.74,3090.15,457
566,Berry,Rosado,1975,943.19,3602.04,104
567,Hanson,Rosado,1976,3934.4,7321.91,77
568,Wood,Blanco,1985,2049.03,3364.01,642
569,Davis,Rosado,1980,1230.46,9495.64,331
570,Clark,Tinto,1986,4086.52,4606.82,543
571,Cook,Blanco,1990,2630.47,865.1,533
572,Rivera,Rosado,1986,1177.54,8204.28,365
573,Larson,Rosado,2000,923.86,2277.64,72
574,Ramos,Blanco,1980,3882.22,5550.32,424
575,Owens,Rosado,1979,4317.23,2197.18,683
576,Mendoza,Rosado,1997,3199.69,2950.92,440
577,Watson,Tinto,1991,4047.19,5975.54,409
578,Cox,Rosado,1980,3969.67,7402.81,29
579,Marshall,Blanco,1992,2627.73,6622.68,970
580,Austin,Blanco,1979,989.61,6365.91,555
581,Fields,Rosado,1984,4075.26,6692.67,641
582,Greene,Tinto,1988,2025.91,5731.05,462
583,Carpenter,Rosado,1990,1380.64,9595.68,834
584,Young,Rosado,1972,415.18,3410.76,156
585,Simpson,Blanco,1992,2375.1,7998.24,299
586,Wells,Rosado,1971,213.35,3124.24,472
587,Fisher,Rosado,1985,2977.63,5604.82,23
588,Price,Blanco,1979,3503.67,5399.43,793
589,Bradley,Rosado,1976,1519.18,8784.27,764
590,Fernandez,Rosado,1983,1640.86,4759.99,732
591,Gilbert,Tinto,1987,2636.03,7031.57,628
592,Day,Blanco,1973,956.36,747.3,808
593,Ford,Rosado,1972,1495.24,5252.58,981
594,Reynolds,Tinto,1970,4063.98,5467.12,257
595,Morris,Rosado,1985,1895.27,8638.37,724
596,Fowler,Blanco,1982,240.13,3712.18,474
597,Sims,Tinto,1976,1741.39,2179.57,850
598,Schmidt,Tinto,1988,2246.58,4688.04,269
599,Owens,Rosado,1988,3959.16,1169.96,715
600,Martinez,Rosado,1980,2279.24,2141.96,502
601,Hamilton,Rosado,1985,2490.08,2629.28,322
602,Price,Tinto,1971,253.81,6613.97,37
603,Hayes,Rosado,1981,3850.92,8767.74,936
604,Hill,Rosado,1974,1807.34,7312.25,312
605,Allen,Rosado,1994,2251.49,8755.42,994
606,Rivera,Blanco,1994,154.2,6677.22,14
607,Ortiz,Blanco,1984,1744.44,2932.51,638
608,Cooper,Blanco,2000,3986.93,3637.46,218
609,Graham,Tinto,1997,556.27,6132.83,654
610,Harvey,Blanco,1978,1165.49,7520.9,773
611,Gonzales,Rosado,1978,3625.46,773.7,390
612,Lee,Rosado,1992,2828.17,9043.71,638
613,Hicks,Tinto,2000,842.11,6552.67,390
614,Green,Rosado,1980,3193.85,9243.07,3
615,Fox,Rosado,1999,1549.47,6151.78,721
616,Wallace,Tinto,1981,289.15,4667.6,57
617,Burton,Tinto,1971,1827.23,3566.78,363
618,Mcdonald,Rosado,1971,1350.66,7211.71,583
619,Gibson,Rosado,1991,211.64,8856.59,633
620,Taylor,Rosado,1971,1874.52,2125.73,599
621,Alexander,Rosado,1988,1529.96,9350.34,930
622,Gonzalez,Rosado,1971,3694.33,9543.01,508
623,Peterson,Tinto,1990,3936.64,9550.07,957
624,Larson,Rosado,1997,1021.5,9094.68,92
625,Howard,Blanco,1978,2076.13,4917.42,693
626,Banks,Blanco,1980,1523.93,3621.03,504
627,Bishop,Rosado,2000,1847.62,7635.61,963
628,Snyder,Blanco,1971,4132.62,6116.75,328
629,Peterson,Tinto,1988,2072.24,1496.02,456
630,Brown,Rosado,1987,1878.21,5986.49,198
631,Jones,Tinto,1979,2929.11,1298.23,958
632,Morgan,Tinto,1982,2618.06,854.2,957
633,Russell,Tinto,1975,1136.71,7311.64,68
634,Turner,Rosado,1998,3933.35,9762.0,163
635,King,Tinto,1993,3636.45,4608.93,139
636,Franklin,Rosado,1992,1610.89,5058.16,4
637,Howard,Rosado,1988,3100.72,9149.64,747
638,Mason,Rosado,1973,2518.99,7775.74,656
639,Webb,Rosado,1993,3007.04,6914.45,934
640,Martin,Rosado,1991,575.16,1539.19,970
641,Nguyen,Blanco,1970,3625.15,7336.05,420
642,Garrett,Rosado,1988,3828.63,5068.72,73
643,Gibson,Blanco,1991,1178.9,6718.82,265
644,Garrett,Blanco,1972,1419.16,8687.58,257
645,Griffin,Rosado,1974,1059.44,3108.31,8
646,White,Rosado,1979,1942.27,7157.15,424
647,Howell,Rosado,1990,2770.4,9581.78,181
648,Black,Rosado,1978,4386.07,4144.48,493
649,Cook,Rosado,1989,2229.81,5714.01,134
650,Watkins,Tinto,1974,1459.36,6968.98,972
651,Hudson,Blanco,1993,1867.14,2506.19,209
652,Wood,Rosado,1981,899.29,9138.48,775
653,Gray,Rosado,1996,603.34,5169.36,138
654,Bishop,Blanco,1997,270.06,5360.89,64
655,Elliott,Rosado,1983,3411.98,4719.65,182
656,Rodriguez,Rosado,1971,3736.05,2628.43,347
657,Ford,Blanco,1990,159.35,9485.86,444
658,Patterson,Blanco,1984,931.44,1562.34,222
659,Stevens,Rosado,1990,663.37,6222.14,825
660,Gray,Rosado,1989,1256.15,3012.26,931
661,Shaw,Rosado,1971,256.24,7749.67,501
662,Ray,Rosado,1992,3542.59,6922.84,290
663,Alexander,Rosado,1985,2191.29,3557.0,190
664,Hart,Tinto,1983,574.22,2476.56,299
665,Griffin,Tinto,1983,2532.1,7609.24,259
666,Myers,Rosado,1985,3501.04,1208.85,834
667,Jackson,Rosado,1970,2579.0,5797.75,580
668,Kelly,Tinto,1987,1987.86,9973.13,594
669,Dean,Blanco,1995,2301.04,6775.89,101
670,Hamilton,Rosado,1977,1512.74,3862.59,391
671,Graham,Rosado,1981,2164.61,8206.88,492
672,Hall,Tinto,1985,1950.52,5296.84,668
673,Wood,Rosado,1987,1023.65,6250.48,31
674,Wallace,Rosado,1984,1149.06,7506.97,603
675,Kennedy,Tinto,1986,834.3,7069.81,884
676,Hill,Blanco,1990,2085.45,2682.47,516
677,Wilson,Blanco,1995,1444.65,2300.62,648
678,Evans,Rosado,1974,457.01,5711.04,776
679,Burns,Rosado,1999,3067.6,3995.41,464
680,Howell,Blanco,1981,1149.33,3537.58,915
681,Ford,Blanco,1976,2490.97,9257.97,437
682,Ramos,Rosado,1991,3841.33,2195.02,520
683,Frazier,Blanco,1984,1749.86,1702.97,672
684,Greene,Blanco,1998,4193.3,7778.68,834
685,Moreno,Rosado,1992,2170.24,1451.1,33
686,Palmer,Rosado,1989,3582.69,847.23,858
687,Payne,Tinto,1989,2341.1,9455.4,467
688,White,Tinto,1979,3672.83,3700.98,74
689,Hunt,Tinto,1975,3826.59,2567.28,63
690,Davis,Rosado,1995,679.57,6970.17,59
691,Spencer,Blanco,1990,776.86,7505.24,879
692,Matthews,Rosado,1971,2130.21,9126.41,775
693,Moore,Tinto,1996,212.74,532.3,472
694,Banks,Tinto,1970,4098.11,7698.4,811
695,Hansen,Tinto,1991,3015.94,2050.85,523
696,Reyes,Rosado,1983,2186.63,5903.12,910
697,Weaver,Rosado,1978,3356.68,1271.15,12
698,Diaz,Rosado,1989,1535.62,7237.57,246
699,Jackson,Blanco,1982,3416.45,9691.17,380
700,Lynch,Rosado,1971,1221.05,9477.11,669
701,Cunningham,Rosado,1977,1448.69,571.05,713
702,George,Rosado,1976,3237.28,623.99,659
703,Edwards,Tinto,1987,2184.55,4078.57,443
704,Perry,Blanco,1988,1222.11,5127.64,704
705,Burke,Tinto,1981,1040.67,2139.27,389
706,Hudson,Blanco,1985,511.48,2261.78,824
707,Perez,Blanco,1991,4103.88,4092.85,201
708,Patterson,Rosado,1979,2538.45,1156.13,775
709,Morrison,Rosado,1994,704.38,5403.92,141
710,Bryant,Tinto,1979,2414.77,9897.89,683
711,Dean,Rosado,1984,1105.11,2987.71,171
712,Little,Tinto,1970,2319.33,5531.85,901
713,White,Rosado,1990,2394.85,3087.01,196
714,Williams,Rosado,1982,1740.56,3003.74,786
715,Campbell,Rosado,1978,1984.02,6725.39,382
716,Little,Blanco,1987,754.46,6388.2,502
717,Reed,Rosado,1973,3366.04,5834.53,510
718,Diaz,Blanco,1974,1114.52,985.35,226
719,Dean,Rosado,1992,4375.2,2854.41,912
720,Flores,Rosado,1998,2369.37,7110.11,991
721,Rogers,Rosado,1995,1045.9,3391.41,422
722,Frazier,Rosado,1978,1729.43,8258.6,834
723,Garza,Blanco,1995,262.46,6367.76,190
724,Alexander,Blanco,1982,4461.25,5290.76,717
725,Howard,Rosado,1986,4460.49,1702.47,767
726,Powell,Tinto,1975,3131.56,7006.8,320
727,Nelson,Tinto,1989,621.81,3423.52,507
728,Lee,Tinto,1982,691.31,9143.38,441
729,Richards,Rosado,1997,3133.47,4505.26,337
730,Watson,Blanco,1996,3532.48,5340.82,731
731,Mitchell,Rosado,2000,4454.86,3526.26,258
732,Gonzales,Tinto,1978,135.03,9927.49,155
733,Gordon,Rosado,1982,4345.05,5346.15,12
734,Griffin,Blanco,1999,2246.67,820.81,944
735,Wright,Blanco,1992,3250.66,9231.87,670
736,Garcia,Tinto,1996,2676.18,3456.07,314
737,Webb,Blanco,1971,3244.63,6849.54,603
738,Martin,Blanco,1994,3152.76,5114.44,395
739,Reyes,Rosado,1977,3036.69,9153.47,541
740,Barnes,Blanco,1992,496.29,5148.74,472
741,Palmer,Tinto,1983,2170.62,1599.54,638
742,Powell,Rosado,1977,2224.65,1292.28,413
743,Burns,Tinto,1986,1795.33,6716.35,556
744,Howard,Rosado,1989,1409.15,5564.21,342
745,Rogers,Blanco,1973,2195.17,8423.87,829
746,Henderson,Blanco,1988,1917.96,2538.3,864
747,Webb,Tinto,1971,451.35,1310.1,353
748,Pierce,Rosado,1987,256.36,952.12,679
749,Chapman,Rosado,1978,1010.02,2332.5,680
750,Kim,Tinto,1976,393.88,9915.51,3
751,Reid,Tinto,1970,3273.76,5715.0,724
752,Reid,Rosado,1992,3115.49,5475.17,624
753,Alvarez,Tinto,1977,2588.69,6902.96,929
754,Shaw,Tinto,1974,863.73,7086.15,943
755,Wallace,Rosado,1985,2023.76,2110.89,219
756,Alexander,Tinto,1971,625.46,6990.72,614
757,Ramirez,Rosado,1989,1324.81,5954.83,955
758,Shaw,Tinto,1975,4204.65,1375.95,146
759,Gutierrez,Rosado,2000,895.45,2022.33,403
760,Boyd,Tinto,1972,2030.45,3513.16,953
761,Anderson,Rosado,1987,327.02,4834.58,645
762,West,Rosado,1990,141.26,9416.55,592
763,Little,Blanco,1984,3746.11,907.91,417
764,Patterson,Blanco,1996,887.11,1003.29,902
765,Carter,Rosado,1986,2911.49,1204.79,942
766,Morris,Blanco,1993,4076.98,9571.12,143
767,Clark,Rosado,1994,2391.12,7193.72,264
768,Day,Blanco,1978,2528.24,1966.21,691
769,Schmidt,Rosado,1996,4175.75,7863.38,435
770,Hayes,Blanco,1993,3094.4,3535.89,402
771,Burton,Rosado,1982,2497.09,5846.93,115
772,Olson,Blanco,1982,1308.6,2394.22,380
773,Jones,Tinto,1990,2517.7,9240.0,82
774,Martinez,Tinto,1999,3044.82,9644.95,734
775,Dean,Blanco,1997,1345.64,6279.44,558
776,Vasquez,Blanco,1988,2728.73,8452.0,910
777,Simmons,Rosado,1991,874.69,8189.22,889
778,Mendoza,Blanco,1973,3530.42,4704.49,321
779,Matthews,Rosado,1987,3250.33,7143.7,533
780,Lane,Rosado,1980,3706.09,9034.58,685
781,Ford,Blanco,1978,3132.43,4668.51,298
782,Hill,Blanco,1989,1796.49,5510.99,178
783,Reyes,Blanco,1976,3609.74,5566.5,289
784,Wood,Rosado,1992,966.74,1371.88,526
785,Black,Blanco,1999,512.99,6392.66,172
786,Berry,Tinto,1990,1436.93,549.01,780
787,Dunn,Rosado,1991,1160.67,3556.32,999
788,Murphy,Tinto,1986,3666.21,1236.25,211
789,Harris,Tinto,1983,3352.29,9949.1,465
790,Elliott,Blanco,1991,4254.88,7131.04,711
791,Jenkins,Blanco,1988,1047.15,3466.25,967
792,Adams,Rosado,1993,4273.17,8827.12,408
793,Hill,Blanco,1988,1247.46,2840.13,471
794,Rogers,Blanco,1970,2360.11,9079.51,50
795,Simpson,Tinto,1971,4306.92,6223.63,794
796,Jackson,Tinto,1980,604.09,7226.48,49
797,Ramos,Blanco,1976,1208.71,2408.21,995
798,Pierce,Blanco,1983,3253.06,4739.02,169
799,Berry,Tinto,1973,2945.16,5970.03,696
800,Richardson,Blanco,1984,2435.2,4498.06,587
801,Johnson,Rosado,1988,2345.53,5356.08,885
802,Roberts,Blanco,1993,2105.49,6952.24,115
803,Ferguson,Tinto,1997,997.24,1812.66,767
804,Fields,Blanco,1970,1333.48,8001.88,504
805,Ruiz,Blanco,1984,2711.28,2159.67,30
806,Grant,Rosado,1990,3489.28,7988.1,489
807,Fox,Rosado,1989,2953.2,571.45,62
808,Porter,Rosado,1982,2203.66,1428.65,448
809,Hawkins,Rosado,1994,3771.35,1114.31,63
810,Garcia,Blanco,1977,1636.43,3916.41,732
811,Moore,Blanco,1982,764.48,3660.36,616
812,Gomez,Tinto,1992,3960.8,2620.66,868
813,Armstrong,Blanco,1973,3678.58,3353.09,139
814,Simpson,Rosado,1982,4484.58,1535.4,58
815,Williams,Tinto,1977,2881.02,3728.11,131
816,Diaz,Rosado,1973,2459.08,6879.41,359
817,Snyder,Blanco,1970,877.65,7840.35,473
818,Bell,Rosado,1976,2272.78,4402.21,714
819,Wallace,Blanco,1994,374.29,3031.15,988
820,Morris,Rosado,1994,4287.56,5237.33,850
821,Flores,Blanco,1995,2493.51,6713.57,479
822,Ramos,Tinto,1999,2645.07,1847.79,269
823,Garcia,Rosado,1993,1472.56,8765.3,488
824,Hughes,Tinto,1988,2787.67,3158.78,711
825,Hicks,Blanco,1980,3045.33,2820.4,731
826,Smith,Rosado,1983,3197.06,1740.69,502
827,James,Rosado,1993,3179.81,1852.89,72
828,Gray,Rosado,1993,1524.69,8174.6,368
829,Scott,Blanco,1971,3472.12,570.65,604
830,Carr,Rosado,1993,953.47,8722.21,250
831,Lane,Rosado,1987,496.22,7695.31,789
832,Day,Tinto,1990,2338.11,514.54,288
833,Kelley,Tinto,1971,3265.86,4583.56,282
834,Bishop,Rosado,1974,1274.8,4036.69,218
835,Hunt,Blanco,1985,3036.56,996.71,522
836,Dunn,Rosado,1985,2301.6,2914.28,399
837,Moore,Tinto,1973,3861.69,982.85,613
838,Patterson,Blanco,1974,627.22,6771.29,263
839,Howell,Blanco,1986,4358.13,4535.37,242
840,Rodriguez,Rosado,1974,336.29,4876.35,727
841,White,Rosado,1994,490.87,9101.65,839
842,Carpenter,Tinto,1975,3108.53,920.59,491
843,Snyder,Blanco,1971,857.63,5276.46,15
844,Lane,Blanco,1983,1008.4,2072.94,809
845,Gray,Tinto,1989,3752.81,4467.7,286
846,Ray,Blanco,1978,4023.46,2665.45,408
847,Wells,Rosado,1974,1403.99,4466.81,42
848,Edwards,Blanco,1991,115.86,5278.67,850
849,Jenkins,Rosado,1970,2048.37,3878.91,113
850,Henry,Rosado,2000,3770.73,3531.7,397
851,Austin,Blanco,1993,700.49,2014.21,663
852,Marshall,Rosado,1971,532.14,7292.25,983
853,Kelley,Rosado,1977,3268.48,2173.57,843
854,Sims,Rosado,1992,1539.3,5052.59,379
855,Johnson,Rosado,1971,877.17,5395.97,126
856,Murray,Rosado,1973,4160.45,4695.51,46
857,Gonzalez,Rosado,2000,1397.6,3762.68,655
858,Marshall,Rosado,1976,3223.13,8018.73,237
859,Ford,Blanco,1995,1944.26,3134.03,82
860,Patterson,Tinto,1991,382.32,7867.66,795
861,Peterson,Rosado,1993,1195.17,3614.33,613
862,Harris,Tinto,1983,850.84,8945.15,599
863,Armstrong,Tinto,1981,638.79,9896.41,309
864,Graham,Tinto,1972,3835.9,9422.55,906
865,Hudson,Tinto,1971,1968.71,1327.52,891
866,Ross,Rosado,1992,4214.19,4900.39,319
867,Wilson,Tinto,1981,3606.07,7333.23,373
868,Johnson,Rosado,1982,3678.38,7320.32,658
869,Stanley,Blanco,1980,649.86,8709.48,329
870,Gomez,Rosado,1998,295.81,3285.19,918
871,Burton,Rosado,1987,4179.71,2747.45,52
872,Stanley,Rosado,1976,2885.3,4093.11,904
873,Holmes,Rosado,1991,1331.03,2894.81,455
874,King,Tinto,1985,2500.9,6007.49,158
875,Sanders,Rosado,1981,4215.44,7307.81,490
876,Howell,Rosado,1976,1063.4,7122.46,918
877,Peterson,Blanco,1976,2862.67,3845.33,784
878,Garcia,Tinto,1995,4026.9,9692.55,214
879,Lawson,Rosado,1982,234.94,1297.64,798
880,Daniels,Rosado,1981,806.11,6986.09,261
881,Price,Rosado,1977,3136.96,2721.87,377
882,Vasquez,Blanco,1986,1537.88,4611.01,145
883,Ray,Rosado,1981,4144.96,1306.79,310
884,Foster,Tinto,1998,3195.99,8521.73,239
885,Harris,Rosado,1980,2249.51,5725.47,646
886,Stanley,Rosado,1998,3344.7,2321.87,44
887,Crawford,Rosado,1995,2462.32,8146.48,994
888,Bennett,Rosado,1986,1594.65,1954.55,784
889,Gibson,Rosado,1989,2406.6,3254.01,926
890,Wheeler,Rosado,1985,1056.99,8854.83,482
891,Murray,Tinto,1982,1937.79,7284.28,132
892,Fisher,Rosado,1989,4065.07,7739.76,729
893,Parker,Blanco,1999,554.05,7592.53,770
894,Knight,Rosado,1973,482.5,6050.07,507
895,Wagner,Blanco,1980,3645.46,1860.36,529
896,Washington,Blanco,1995,2776.92,1473.03,235
897,Dunn,Rosado,1988,117.28,2772.56,986
898,Mason,Blanco,1997,3837.8,6636.77,822
899,Burns,Blanco,1981,440.58,4529.95,270
900,Howard,Rosado,1981,4465.21,2694.19,405
901,Foster,Blanco,1976,3522.01,6975.11,784
902,Russell,Tinto,1971,3171.44,606.31,396
903,Hughes,Rosado,1989,2749.49,2097.94,862
904,Frazier,Rosado,1999,1249.05,3651.67,622
905,Howard,Blanco,1978,903.67,9875.64,256
906,Chapman,Tinto,1986,3175.54,1739.1,339
907,Bennett,Tinto,1975,2657.07,1150.02,60
908,Alexander,Tinto,1970,1949.16,5629.46,957
909,James,Rosado,1972,4241.17,2077.41,583
910,Wagner,Tinto,1992,3886.23,9697.76,240
911,Morrison,Rosado,1997,1444.67,2188.69,883
912,Evans,Tinto,2000,3200.94,9668.47,602
913,Rice,Rosado,1984,3195.7,7060.88,78
914,Clark,Blanco,1990,734.44,7017.91,448
915,Carr,Rosado,1983,3931.17,9418.47,258
916,White,Tinto,1973,1301.29,3510.64,879
917,Thompson,Tinto,1991,730.93,1779.19,110
918,Gilbert,Tinto,1978,3598.34,2070.16,893
919,Warren,Rosado,1975,1424.22,6741.79,87
920,James,Rosado,1973,2844.55,1763.36,980
921,Ramos,Rosado,1984,2391.47,9462.47,68
922,Ellis,Rosado,1987,2696.19,967.47,758
923,White,Rosado,1990,3416.32,2339.69,965
924,Owens,Tinto,1980,813.69,8377.93,326
925,Robertson,Blanco,1976,4457.14,621.53,682
926,Lane,Blanco,1989,344.65,7441.42,593
927,Arnold,Rosado,1981,497.4,1569.59,500
928,Banks,Blanco,1983,1020.28,4142.61,321
929,Gutierrez,Tinto,1978,4133.39,3112.62,657
930,Ward,Tinto,1999,1517.09,9464.09,383
931,Mitchell,Rosado,1975,3740.43,5476.7,565
932,Washington,Rosado,1970,3394.34,2113.33,352
933,Moore,Rosado,1998,3251.18,9856.98,298
934,Dean,Rosado,1989,1785.17,8975.17,710
935,Alvarez,Rosado,1974,4400.45,7715.59,747
936,Franklin,Tinto,1988,3429.55,537.5,326
937,Evans,Rosado,1975,599.23,8208.01,476
938,Barnes,Tinto,1973,4005.98,8694.67,869
939,Williams,Tinto,1987,3408.68,646.52,585
940,Dunn,Rosado,1972,3229.08,3046.5,265
941,Perry,Rosado,1985,1488.03,8872.09,777
942,Sanders,Rosado,1998,1040.33,6731.58,889
943,Wallace,Tinto,1982,126.9,9240.97,604
944,Peters,Rosado,1978,1894.42,9526.31,66
945,Hunt,Blanco,1987,3096.9,6948.46,125
946,Henderson,Blanco,1988,3282.78,7893.74,862
947,Stanley,Blanco,1991,580.37,1861.95,2
948,Holmes,Rosado,2000,1932.08,6936.98,894
949,Foster,Rosado,1973,4093.02,6360.4,569
950,Ross,Rosado,1987,4076.6,2873.8,430
951,Allen,Tinto,1994,349.49,5518.77,384
952,Bowman,Rosado,1990,1532.57,9862.51,283
953,Hart,Rosado,1990,2981.65,3312.93,590
954,Hanson,Tinto,1979,3466.46,3816.91,82
955,Ramirez,Rosado,1989,2428.83,7954.12,400
956,Gomez,Blanco,1979,3514.77,5822.6,522
957,James,Tinto,1983,968.74,2632.47,437
958,Shaw,Rosado,1992,452.72,4959.27,934
959,Clark,Rosado,1988,4121.62,2638.21,286
960,Gonzalez,Tinto,1979,1571.99,4729.1,767
961,Willis,Tinto,1981,3585.12,8666.34,622
962,Rice,Blanco,1976,2506.47,9639.11,882
963,Myers,Rosado,1973,1056.85,9930.96,343
964,Cook,Rosado,1985,435.89,5143.41,915
965,Shaw,Rosado,1973,3034.14,6224.8,402
966,Perkins,Rosado,1990,3466.71,3617.88,635
967,Garza,Blanco,1972,1142.56,2772.73,744
968,Simmons,Rosado,1972,3918.91,560.45,967
969,Matthews,Tinto,1976,3928.16,7104.36,829
970,Lane,Rosado,1986,305.03,7356.18,94
971,Burke,Tinto,1981,817.65,1848.12,64
972,Hayes,Blanco,1985,2581.45,1080.11,753
973,Hernandez,Blanco,1976,3327.03,7680.71,31
974,Garza,Blanco,1989,3449.51,5999.86,444
975,Baker,Tinto,1983,2278.02,1812.47,757
976,Alexander,Blanco,1983,1290.96,4590.89,125
977,Mitchell,Rosado,1994,2550.05,5151.0,196
978,Moreno,Tinto,1993,1790.41,8260.34,918
979,Long,Rosado,1971,1776.73,8549.15,451
980,Miller,Blanco,1998,1667.56,9241.54,790
981,King,Rosado,1970,3100.23,1626.68,712
982,Sanders,Tinto,1999,3402.61,5716.52,391
983,Wood,Blanco,1986,3670.12,7666.86,35
984,Reid,Rosado,1987,1153.58,5185.53,464
985,Montgomery,Rosado,1975,741.74,9282.48,787
986,Barnes,Rosado,1985,3875.33,4303.8,846
987,Woods,Blanco,1999,2131.46,866.5,103
988,Hawkins,Tinto,1983,465.51,7540.66,957
989,Dixon,Rosado,1976,1869.07,1201.13,652
990,Patterson,Blanco,1997,2902.33,3373.41,185
991,Henderson,Rosado,1980,2338.15,9567.79,434
992,Romero,Rosado,1988,207.39,7915.23,223
993,Rodriguez,Rosado,1977,3818.81,2148.78,287
994,Morgan,Blanco,1989,1115.22,1769.47,372
995,Taylor,Tinto,1972,2106.01,1583.78,524
996,Sullivan,Rosado,1971,762.11,6469.34,818
997,Hicks,Rosado,1979,1082.06,5063.73,313
998,Ruiz,Tinto,1973,249.29,727.84,684
999,Lewis,Tinto,1974,3679.48,3394.36,323
1000,Berry,Tinto,1997,4461.36,734.58,87
